Player,Pos,Nation,Age,Born,MP,Starts,Min,Gls,Ast,PK,PKatt,CrdY,CrdR,Sh,SoT,Avg_Sh_Dist,FK,Pas_TotDist,Pas_PrgDist,Cmp_S,Att_S,Cmp_M,Att_M,Cmp_L,Att_L,KP,Pas_A3,PPA,CrsPA,2CrdY,Fls,Fld,Off,Crs,PKwon,PKcon,OG,Recov,AD_Won,AD_Lost,Touches,Tch_DP,Tch_D3,Tch_M3,Tch_A3,Tch_AP,Live,Dr_Succ,Dr_Att,Num_Dr_Past,Megs,Carries,Cr_TotDist,Cr_PrgDist,Cr_Prog,Cr_A3,CPA,Mis,Dis,Targ,Rec,Prog_Pas_Rec,TklW,Tkl_D3,Tkl_M3,Tkl_A3,Tkl_VD,Past,Press,Press_Succ,Pr_D3,Pr_M3,Pr_A3,Blocks,Blk_Sh,ShSv,Blk_Pass,Int,Clr,Err
Luis Abram,DF,Peru,24.0,1996.0,2.0,1.0,154.0,0.0,0.0,0.0,0.0,0.0,0.0,2.0,1.0,9.5,0.0,1782.0,464.0,21.0,21.0,43.0,43.0,17.0,23.0,0.0,5.0,0.0,0.0,0.0,1.0,3.0,0.0,0.0,0.0,0.0,0.0,3.0,1.0,0.0,100.0,8.0,52.0,47.0,4.0,3.0,98.0,0.0,0.0,0.0,0.0,74.0,349.0,182.0,6.0,0.0,0.0,1.0,0.0,84.0,83.0,0.0,1.0,2.0,0.0,0.0,1.0,1.0,15.0,4.0,9.0,6.0,0.0,1.0,1.0,0.0,0.0,2.0,4.0,0.0
Marcos Acuña,DF,Argentina,29.0,1991.0,4.0,4.0,360.0,0.0,0.0,0.0,0.0,1.0,0.0,3.0,2.0,20.7,0.0,2946.0,1096.0,86.0,96.0,70.0,78.0,16.0,26.0,4.0,9.0,7.0,2.0,0.0,9.0,10.0,0.0,8.0,0.0,0.0,0.0,29.0,3.0,4.0,242.0,8.0,78.0,96.0,82.0,8.0,218.0,5.0,9.0,5.0,0.0,184.0,794.0,498.0,20.0,4.0,1.0,4.0,4.0,170.0,156.0,7.0,7.0,6.0,3.0,0.0,3.0,3.0,49.0,15.0,26.0,18.0,5.0,4.0,0.0,0.0,4.0,6.0,9.0,0.0
Sergio Agüero,FW,Argentina,32.0,1988.0,4.0,2.0,132.0,0.0,1.0,0.0,0.0,0.0,0.0,4.0,1.0,9.8,0.0,570.0,122.0,26.0,33.0,9.0,13.0,3.0,4.0,1.0,3.0,1.0,0.0,0.0,0.0,4.0,2.0,2.0,0.0,0.0,0.0,6.0,2.0,2.0,77.0,1.0,7.0,37.0,40.0,10.0,74.0,5.0,7.0,5.0,0.0,51.0,310.0,181.0,11.0,3.0,2.0,6.0,2.0,89.0,56.0,11.0,2.0,1.0,2.0,1.0,0.0,1.0,29.0,7.0,4.0,9.0,16.0,1.0,0.0,0.0,1.0,2.0,1.0,0.0
Tomás Alarcón,MF,Chile,22.0,1999.0,4.0,1.0,95.0,0.0,0.0,0.0,0.0,0.0,0.0,0.0,0.0,0.0,0.0,1123.0,233.0,28.0,29.0,22.0,25.0,8.0,8.0,0.0,4.0,0.0,0.0,0.0,5.0,0.0,0.0,0.0,0.0,0.0,0.0,10.0,3.0,0.0,76.0,1.0,14.0,47.0,18.0,0.0,75.0,0.0,0.0,0.0,0.0,49.0,169.0,73.0,3.0,1.0,0.0,0.0,3.0,54.0,53.0,1.0,1.0,1.0,2.0,1.0,1.0,1.0,28.0,5.0,14.0,13.0,1.0,1.0,0.0,0.0,1.0,3.0,2.0,0.0
Omar Alderete,DF,Paraguay,24.0,1996.0,2.0,1.0,97.0,0.0,0.0,0.0,0.0,1.0,0.0,0.0,0.0,0.0,0.0,1209.0,547.0,17.0,17.0,27.0,35.0,11.0,15.0,0.0,6.0,0.0,0.0,0.0,1.0,0.0,0.0,0.0,0.0,0.0,0.0,14.0,4.0,2.0,82.0,11.0,41.0,45.0,4.0,0.0,75.0,1.0,1.0,1.0,0.0,49.0,305.0,227.0,9.0,0.0,0.0,0.0,1.0,49.0,47.0,0.0,0.0,0.0,0.0,0.0,0.0,0.0,9.0,1.0,8.0,1.0,0.0,2.0,1.0,0.0,1.0,2.0,9.0,0.0
Miguel Almirón,FW,Paraguay,26.0,1994.0,4.0,4.0,288.0,1.0,1.0,1.0,1.0,0.0,0.0,6.0,2.0,20.3,0.0,2676.0,487.0,70.0,74.0,59.0,68.0,18.0,21.0,5.0,14.0,5.0,0.0,0.0,5.0,11.0,1.0,10.0,0.0,0.0,0.0,17.0,0.0,2.0,217.0,0.0,15.0,99.0,134.0,18.0,207.0,10.0,17.0,12.0,0.0,189.0,1331.0,710.0,35.0,13.0,4.0,9.0,9.0,225.0,177.0,27.0,6.0,2.0,3.0,2.0,0.0,3.0,50.0,15.0,8.0,25.0,17.0,5.0,0.0,0.0,5.0,1.0,0.0,0.0
Júnior Alonso,DF,Paraguay,27.0,1993.0,5.0,5.0,480.0,1.0,0.0,0.0,0.0,1.0,0.0,3.0,2.0,8.4,0.0,6400.0,2191.0,70.0,72.0,161.0,166.0,50.0,68.0,1.0,26.0,1.0,0.0,0.0,9.0,0.0,1.0,0.0,0.0,0.0,0.0,44.0,14.0,2.0,367.0,47.0,191.0,181.0,13.0,6.0,356.0,2.0,2.0,2.0,0.0,239.0,1459.0,609.0,13.0,0.0,0.0,1.0,1.0,251.0,249.0,1.0,5.0,7.0,2.0,0.0,7.0,5.0,60.0,18.0,40.0,18.0,2.0,13.0,5.0,0.0,8.0,7.0,28.0,0.0
Gilbert Álvarez,FW,Bolivia,28.0,1992.0,3.0,3.0,218.0,0.0,0.0,0.0,0.0,0.0,0.0,0.0,0.0,0.0,0.0,322.0,42.0,15.0,18.0,8.0,12.0,0.0,0.0,0.0,1.0,1.0,0.0,0.0,2.0,3.0,2.0,2.0,0.0,0.0,0.0,2.0,0.0,7.0,45.0,1.0,4.0,22.0,23.0,5.0,37.0,0.0,1.0,1.0,1.0,30.0,168.0,48.0,3.0,2.0,2.0,4.0,4.0,69.0,29.0,9.0,0.0,0.0,1.0,0.0,0.0,1.0,62.0,3.0,3.0,29.0,30.0,1.0,0.0,0.0,1.0,1.0,2.0,0.0
Julián Álvarez,FW,Argentina,21.0,2000.0,1.0,0.0,35.0,0.0,0.0,0.0,0.0,0.0,0.0,1.0,1.0,9.0,0.0,377.0,41.0,13.0,15.0,11.0,12.0,0.0,0.0,0.0,1.0,0.0,0.0,0.0,0.0,1.0,0.0,0.0,0.0,0.0,0.0,4.0,0.0,0.0,39.0,0.0,2.0,19.0,20.0,4.0,39.0,1.0,1.0,1.0,0.0,28.0,107.0,61.0,3.0,1.0,2.0,0.0,1.0,32.0,30.0,3.0,1.0,0.0,1.0,0.0,0.0,0.0,6.0,4.0,1.0,4.0,1.0,1.0,0.0,0.0,1.0,0.0,0.0,0.0
José Andrés Martínez,FW,Venezuela,26.0,1994.0,4.0,3.0,288.0,0.0,1.0,0.0,0.0,1.0,0.0,0.0,0.0,0.0,0.0,1169.0,298.0,40.0,47.0,20.0,29.0,8.0,13.0,3.0,5.0,1.0,1.0,0.0,6.0,6.0,0.0,4.0,0.0,0.0,0.0,31.0,4.0,4.0,139.0,4.0,27.0,84.0,38.0,3.0,139.0,6.0,13.0,7.0,2.0,111.0,562.0,318.0,13.0,3.0,1.0,7.0,7.0,120.0,87.0,9.0,6.0,5.0,3.0,1.0,6.0,5.0,85.0,26.0,38.0,32.0,15.0,4.0,0.0,0.0,4.0,3.0,1.0,0.0
Charles Aránguiz,MF,Chile,31.0,1989.0,5.0,5.0,447.0,0.0,0.0,0.0,0.0,0.0,0.0,1.0,0.0,21.0,0.0,5670.0,1448.0,119.0,125.0,139.0,151.0,38.0,55.0,5.0,38.0,6.0,1.0,0.0,8.0,11.0,0.0,5.0,0.0,0.0,0.0,48.0,4.0,4.0,383.0,5.0,82.0,217.0,107.0,6.0,362.0,7.0,11.0,8.0,3.0,279.0,1246.0,615.0,36.0,10.0,1.0,4.0,6.0,315.0,287.0,16.0,4.0,4.0,2.0,1.0,4.0,13.0,128.0,28.0,57.0,46.0,25.0,5.0,0.0,0.0,5.0,4.0,1.0,0.0
Pablo Aránguiz,MF,Chile,23.0,1997.0,1.0,0.0,7.0,0.0,0.0,0.0,0.0,0.0,0.0,0.0,0.0,0.0,0.0,16.0,0.0,1.0,2.0,0.0,0.0,0.0,0.0,0.0,0.0,0.0,0.0,0.0,0.0,0.0,0.0,0.0,0.0,0.0,0.0,0.0,0.0,0.0,6.0,0.0,0.0,0.0,6.0,1.0,6.0,0.0,0.0,0.0,0.0,5.0,48.0,27.0,1.0,0.0,1.0,2.0,0.0,6.0,6.0,1.0,0.0,0.0,0.0,0.0,0.0,0.0,5.0,1.0,1.0,3.0,1.0,0.0,0.0,0.0,0.0,0.0,0.0,0.0
Miguel Araujo,DF,Peru,26.0,1994.0,2.0,1.0,95.0,0.0,0.0,0.0,0.0,0.0,0.0,0.0,0.0,0.0,0.0,1350.0,350.0,20.0,21.0,35.0,36.0,8.0,10.0,0.0,1.0,0.0,0.0,0.0,0.0,0.0,1.0,0.0,0.0,0.0,0.0,7.0,3.0,3.0,79.0,13.0,44.0,37.0,3.0,1.0,75.0,0.0,0.0,0.0,0.0,55.0,305.0,192.0,7.0,1.0,0.0,0.0,0.0,58.0,56.0,0.0,0.0,0.0,0.0,0.0,0.0,0.0,10.0,2.0,6.0,4.0,0.0,3.0,2.0,0.0,1.0,0.0,9.0,0.0
Robert Arboleda,DF,Ecuador,29.0,1991.0,5.0,5.0,450.0,0.0,1.0,0.0,0.0,0.0,0.0,3.0,2.0,6.3,0.0,4599.0,1463.0,66.0,68.0,102.0,107.0,42.0,53.0,1.0,17.0,2.0,0.0,0.0,2.0,2.0,0.0,0.0,0.0,0.0,0.0,26.0,11.0,4.0,276.0,33.0,143.0,133.0,13.0,4.0,270.0,1.0,1.0,1.0,0.0,190.0,957.0,448.0,14.0,4.0,0.0,0.0,1.0,199.0,196.0,0.0,2.0,2.0,0.0,0.0,2.0,4.0,27.0,9.0,13.0,10.0,4.0,7.0,4.0,1.0,3.0,0.0,29.0,0.0
Alexis Arias,MF,Peru,25.0,1995.0,1.0,0.0,17.0,0.0,0.0,0.0,0.0,0.0,0.0,0.0,0.0,0.0,0.0,88.0,0.0,3.0,3.0,1.0,2.0,1.0,1.0,0.0,0.0,0.0,0.0,0.0,3.0,0.0,0.0,0.0,0.0,0.0,0.0,1.0,1.0,0.0,9.0,0.0,0.0,7.0,2.0,0.0,9.0,0.0,0.0,0.0,0.0,3.0,14.0,7.0,0.0,0.0,0.0,0.0,0.0,9.0,5.0,0.0,0.0,0.0,0.0,0.0,0.0,0.0,8.0,0.0,2.0,5.0,1.0,1.0,0.0,0.0,1.0,0.0,0.0,0.0
Fernando Aristeguieta,FW,Venezuela,28.0,1992.0,3.0,3.0,214.0,0.0,0.0,0.0,0.0,1.0,0.0,1.0,0.0,63.1,0.0,408.0,81.0,26.0,32.0,8.0,11.0,0.0,0.0,1.0,0.0,0.0,0.0,0.0,7.0,4.0,1.0,0.0,0.0,0.0,0.0,9.0,7.0,15.0,75.0,3.0,8.0,43.0,25.0,5.0,69.0,4.0,6.0,4.0,1.0,45.0,102.0,37.0,0.0,0.0,0.0,11.0,2.0,106.0,44.0,8.0,4.0,2.0,1.0,1.0,2.0,3.0,62.0,11.0,11.0,34.0,17.0,2.0,2.0,0.0,0.0,3.0,2.0,0.0
Luciano Arriagada,FW,Chile,18.0,2002.0,1.0,0.0,22.0,0.0,0.0,0.0,0.0,0.0,0.0,1.0,0.0,3.6,0.0,37.0,0.0,2.0,2.0,1.0,1.0,0.0,0.0,1.0,0.0,0.0,0.0,0.0,1.0,0.0,2.0,0.0,0.0,0.0,0.0,0.0,0.0,2.0,8.0,0.0,0.0,4.0,4.0,1.0,8.0,0.0,1.0,0.0,0.0,6.0,1.0,0.0,0.0,0.0,0.0,2.0,0.0,21.0,7.0,2.0,0.0,0.0,0.0,0.0,0.0,1.0,12.0,1.0,4.0,5.0,3.0,1.0,0.0,0.0,1.0,0.0,0.0,0.0
Santiago Arzamendia,DF,Paraguay,22.0,1998.0,4.0,4.0,328.0,0.0,0.0,0.0,0.0,1.0,0.0,4.0,2.0,21.1,1.0,2594.0,794.0,81.0,93.0,64.0,71.0,11.0,19.0,5.0,9.0,4.0,1.0,0.0,5.0,0.0,1.0,12.0,0.0,1.0,0.0,25.0,7.0,4.0,221.0,8.0,41.0,82.0,114.0,11.0,199.0,3.0,5.0,3.0,2.0,143.0,728.0,491.0,18.0,8.0,5.0,3.0,1.0,171.0,151.0,11.0,2.0,2.0,1.0,1.0,3.0,7.0,73.0,15.0,33.0,27.0,13.0,6.0,1.0,0.0,5.0,4.0,5.0,0.0
Gabriel Ávalos,FW,Paraguay,30.0,1990.0,4.0,3.0,266.0,1.0,1.0,0.0,0.0,0.0,0.0,11.0,2.0,9.7,0.0,453.0,24.0,13.0,22.0,11.0,18.0,2.0,4.0,3.0,0.0,0.0,0.0,0.0,6.0,6.0,1.0,0.0,0.0,0.0,0.0,8.0,13.0,9.0,68.0,0.0,2.0,27.0,42.0,20.0,61.0,1.0,1.0,1.0,0.0,33.0,162.0,57.0,2.0,2.0,1.0,2.0,2.0,91.0,50.0,18.0,0.0,0.0,0.0,0.0,0.0,0.0,36.0,7.0,1.0,15.0,20.0,2.0,1.0,0.0,1.0,1.0,0.0,0.0
Gabriel Barbosa,FW,Brazil,24.0,1996.0,5.0,2.0,190.0,1.0,0.0,0.0,0.0,1.0,0.0,4.0,3.0,8.5,0.0,476.0,43.0,11.0,15.0,15.0,16.0,2.0,3.0,1.0,3.0,0.0,0.0,0.0,2.0,2.0,1.0,0.0,0.0,0.0,0.0,4.0,0.0,3.0,48.0,1.0,3.0,20.0,28.0,5.0,46.0,1.0,2.0,1.0,0.0,31.0,156.0,62.0,3.0,1.0,0.0,2.0,1.0,61.0,39.0,8.0,0.0,0.0,0.0,0.0,0.0,3.0,41.0,8.0,5.0,18.0,18.0,0.0,0.0,0.0,0.0,0.0,1.0,0.0
Antonio Bareiro,FW,Paraguay,31.0,1989.0,1.0,0.0,14.0,0.0,0.0,0.0,0.0,0.0,0.0,0.0,0.0,0.0,0.0,40.0,16.0,2.0,3.0,1.0,1.0,0.0,0.0,0.0,1.0,1.0,1.0,0.0,0.0,0.0,1.0,1.0,0.0,0.0,0.0,1.0,4.0,1.0,9.0,0.0,3.0,2.0,4.0,0.0,9.0,0.0,0.0,0.0,0.0,4.0,14.0,6.0,1.0,0.0,0.0,3.0,0.0,13.0,7.0,1.0,0.0,0.0,0.0,0.0,0.0,0.0,4.0,1.0,1.0,3.0,0.0,1.0,0.0,0.0,1.0,0.0,0.0,0.0
Wílmar Barrios,MF,Colombia,27.0,1993.0,7.0,7.0,659.0,0.0,0.0,0.0,0.0,3.0,0.0,1.0,0.0,26.0,0.0,5317.0,1793.0,122.0,132.0,120.0,143.0,37.0,47.0,1.0,42.0,2.0,0.0,0.0,15.0,14.0,0.0,2.0,0.0,0.0,0.0,64.0,4.0,6.0,404.0,16.0,131.0,247.0,39.0,3.0,393.0,7.0,8.0,7.0,1.0,260.0,1206.0,424.0,16.0,5.0,1.0,2.0,4.0,259.0,251.0,11.0,22.0,19.0,9.0,1.0,12.0,10.0,152.0,63.0,76.0,60.0,16.0,14.0,2.0,1.0,12.0,17.0,15.0,0.0
Danny Bejarano,MF,Bolivia,27.0,1994.0,3.0,0.0,91.0,0.0,0.0,0.0,0.0,0.0,0.0,0.0,0.0,0.0,0.0,861.0,153.0,18.0,21.0,19.0,19.0,7.0,9.0,0.0,0.0,0.0,0.0,0.0,1.0,2.0,0.0,1.0,0.0,0.0,0.0,9.0,2.0,2.0,65.0,5.0,29.0,30.0,9.0,1.0,63.0,0.0,0.0,0.0,0.0,43.0,163.0,63.0,1.0,1.0,0.0,1.0,0.0,45.0,40.0,2.0,1.0,1.0,1.0,0.0,1.0,3.0,18.0,6.0,10.0,7.0,1.0,1.0,0.0,0.0,1.0,2.0,5.0,0.0
Diego Bejarano,DF,Bolivia,29.0,1991.0,3.0,3.0,270.0,0.0,0.0,0.0,0.0,2.0,0.0,3.0,0.0,15.7,0.0,1563.0,634.0,60.0,62.0,34.0,42.0,4.0,9.0,0.0,3.0,1.0,0.0,0.0,7.0,1.0,0.0,5.0,0.0,1.0,0.0,15.0,4.0,5.0,146.0,14.0,42.0,66.0,51.0,8.0,123.0,1.0,1.0,1.0,0.0,80.0,308.0,175.0,10.0,6.0,0.0,1.0,3.0,91.0,79.0,3.0,2.0,4.0,0.0,0.0,1.0,3.0,54.0,9.0,24.0,13.0,17.0,5.0,0.0,0.0,5.0,5.0,8.0,0.0
Rodrigo Bentancur,MF,Uruguay,23.0,1997.0,4.0,3.0,255.0,0.0,0.0,0.0,0.0,0.0,0.0,3.0,1.0,20.0,0.0,2147.0,568.0,65.0,71.0,52.0,60.0,12.0,16.0,4.0,17.0,2.0,0.0,0.0,7.0,3.0,0.0,2.0,0.0,0.0,0.0,18.0,4.0,6.0,187.0,4.0,36.0,110.0,53.0,3.0,184.0,6.0,8.0,6.0,0.0,136.0,817.0,387.0,23.0,6.0,1.0,2.0,3.0,142.0,133.0,6.0,6.0,5.0,4.0,2.0,3.0,6.0,76.0,18.0,27.0,35.0,14.0,10.0,1.0,0.0,9.0,4.0,3.0,0.0
Miguel Borja,FW,Colombia,28.0,1993.0,7.0,2.0,296.0,1.0,1.0,1.0,1.0,2.0,0.0,11.0,3.0,14.4,0.0,826.0,186.0,19.0,25.0,17.0,25.0,7.0,10.0,2.0,4.0,5.0,0.0,0.0,7.0,7.0,1.0,0.0,1.0,0.0,0.0,17.0,9.0,13.0,107.0,5.0,11.0,44.0,59.0,21.0,103.0,3.0,5.0,4.0,1.0,69.0,256.0,126.0,9.0,4.0,4.0,8.0,10.0,115.0,78.0,25.0,1.0,0.0,0.0,1.0,0.0,4.0,49.0,12.0,5.0,25.0,19.0,2.0,0.0,0.0,2.0,0.0,3.0,0.0
Rafael Borré,FW,Colombia,25.0,1995.0,5.0,4.0,292.0,0.0,0.0,0.0,0.0,1.0,0.0,1.0,0.0,8.9,0.0,1190.0,345.0,35.0,45.0,26.0,33.0,8.0,9.0,1.0,4.0,1.0,1.0,0.0,11.0,3.0,1.0,4.0,0.0,0.0,0.0,22.0,1.0,15.0,119.0,3.0,26.0,64.0,34.0,2.0,118.0,1.0,2.0,1.0,0.0,79.0,412.0,202.0,9.0,1.0,0.0,4.0,3.0,117.0,75.0,13.0,3.0,4.0,3.0,0.0,2.0,6.0,136.0,37.0,30.0,73.0,33.0,4.0,0.0,0.0,4.0,2.0,4.0,0.0
Ben Brereton,FW,Chile,21.0,1999.0,5.0,3.0,300.0,1.0,1.0,0.0,0.0,1.0,0.0,7.0,5.0,13.9,0.0,894.0,227.0,33.0,42.0,19.0,23.0,4.0,4.0,2.0,4.0,2.0,1.0,0.0,3.0,9.0,2.0,3.0,0.0,0.0,0.0,17.0,5.0,10.0,118.0,4.0,17.0,52.0,63.0,16.0,118.0,5.0,9.0,5.0,1.0,86.0,532.0,249.0,12.0,5.0,3.0,7.0,7.0,143.0,88.0,21.0,1.0,1.0,1.0,0.0,0.0,3.0,51.0,15.0,13.0,23.0,15.0,2.0,0.0,0.0,2.0,2.0,4.0,0.0
Martín Cáceres,DF,Uruguay,33.0,1987.0,3.0,0.0,90.0,0.0,0.0,0.0,0.0,0.0,0.0,1.0,0.0,19.4,0.0,1168.0,332.0,30.0,30.0,34.0,36.0,3.0,11.0,0.0,3.0,0.0,0.0,0.0,0.0,1.0,0.0,3.0,0.0,0.0,0.0,6.0,1.0,0.0,83.0,2.0,25.0,47.0,23.0,1.0,72.0,0.0,0.0,0.0,0.0,62.0,341.0,240.0,8.0,2.0,0.0,1.0,1.0,65.0,62.0,0.0,2.0,2.0,0.0,0.0,2.0,0.0,8.0,3.0,3.0,3.0,2.0,1.0,0.0,0.0,1.0,0.0,1.0,0.0
Jordy Caicedo,FW,Ecuador,23.0,1997.0,2.0,0.0,31.0,0.0,0.0,0.0,0.0,0.0,0.0,0.0,0.0,0.0,0.0,35.0,1.0,2.0,3.0,1.0,1.0,0.0,0.0,0.0,0.0,0.0,0.0,0.0,1.0,1.0,1.0,0.0,0.0,0.0,0.0,1.0,1.0,2.0,6.0,0.0,0.0,1.0,5.0,1.0,6.0,2.0,2.0,2.0,0.0,5.0,5.0,4.0,0.0,0.0,0.0,2.0,0.0,15.0,5.0,3.0,0.0,0.0,0.0,0.0,0.0,0.0,6.0,0.0,0.0,2.0,4.0,0.0,0.0,0.0,0.0,0.0,0.0,0.0
Moisés Caicedo,MF,Ecuador,19.0,2001.0,5.0,4.0,296.0,0.0,0.0,0.0,0.0,1.0,0.0,6.0,1.0,16.7,0.0,3275.0,728.0,75.0,82.0,69.0,73.0,24.0,27.0,1.0,22.0,4.0,0.0,0.0,7.0,5.0,0.0,1.0,0.0,0.0,0.0,31.0,5.0,6.0,231.0,4.0,38.0,152.0,51.0,6.0,227.0,7.0,9.0,7.0,0.0,178.0,549.0,239.0,12.0,4.0,0.0,5.0,7.0,186.0,170.0,12.0,4.0,4.0,6.0,1.0,4.0,4.0,69.0,20.0,15.0,41.0,13.0,1.0,0.0,0.0,1.0,5.0,6.0,0.0
Alexander Callens,DF,Peru,28.0,1992.0,5.0,5.0,386.0,0.0,0.0,0.0,0.0,0.0,0.0,2.0,0.0,7.5,0.0,2657.0,1164.0,50.0,52.0,70.0,75.0,15.0,25.0,0.0,6.0,0.0,0.0,0.0,5.0,1.0,0.0,0.0,0.0,0.0,0.0,26.0,9.0,9.0,203.0,47.0,135.0,72.0,5.0,2.0,199.0,1.0,1.0,1.0,0.0,115.0,585.0,285.0,10.0,1.0,0.0,0.0,0.0,128.0,125.0,0.0,3.0,1.0,3.0,0.0,1.0,1.0,40.0,10.0,21.0,18.0,1.0,7.0,5.0,0.0,2.0,7.0,29.0,0.0
Leonardo Campana,FW,Ecuador,20.0,2000.0,4.0,2.0,169.0,0.0,0.0,0.0,0.0,0.0,0.0,7.0,1.0,12.0,0.0,262.0,21.0,18.0,24.0,5.0,5.0,0.0,0.0,3.0,0.0,0.0,0.0,0.0,5.0,2.0,1.0,0.0,0.0,0.0,0.0,5.0,5.0,6.0,56.0,1.0,2.0,23.0,33.0,14.0,49.0,0.0,1.0,1.0,0.0,26.0,58.0,16.0,1.0,2.0,0.0,4.0,5.0,79.0,37.0,9.0,1.0,0.0,0.0,2.0,1.0,3.0,50.0,15.0,5.0,23.0,22.0,2.0,1.0,0.0,1.0,0.0,0.0,0.0
Jaminton Campaz,FW,Colombia,20.0,2000.0,1.0,0.0,29.0,0.0,0.0,0.0,0.0,0.0,0.0,0.0,0.0,0.0,0.0,316.0,103.0,4.0,4.0,5.0,8.0,3.0,5.0,0.0,4.0,1.0,0.0,0.0,1.0,0.0,0.0,1.0,0.0,0.0,0.0,5.0,0.0,2.0,22.0,0.0,0.0,15.0,8.0,1.0,22.0,0.0,0.0,0.0,0.0,17.0,74.0,26.0,1.0,0.0,0.0,1.0,0.0,19.0,16.0,1.0,0.0,0.0,0.0,0.0,0.0,1.0,9.0,3.0,0.0,5.0,4.0,2.0,0.0,0.0,2.0,0.0,0.0,0.0
Edwin Cardona,MF,Colombia,28.0,1992.0,5.0,4.0,331.0,1.0,1.0,0.0,0.0,2.0,0.0,6.0,2.0,23.4,0.0,3051.0,1227.0,56.0,68.0,31.0,37.0,38.0,58.0,8.0,31.0,8.0,1.0,0.0,7.0,4.0,0.0,6.0,0.0,0.0,0.0,18.0,0.0,6.0,208.0,1.0,18.0,129.0,69.0,6.0,188.0,6.0,11.0,8.0,1.0,152.0,649.0,274.0,16.0,4.0,0.0,5.0,3.0,178.0,151.0,13.0,5.0,2.0,4.0,1.0,0.0,7.0,73.0,17.0,15.0,34.0,24.0,2.0,0.0,0.0,2.0,6.0,3.0,0.0
Ángel Cardozo,MF,Paraguay,26.0,1994.0,3.0,2.0,153.0,0.0,0.0,0.0,0.0,0.0,0.0,2.0,0.0,41.5,0.0,1747.0,500.0,35.0,37.0,42.0,46.0,11.0,16.0,0.0,14.0,0.0,0.0,0.0,5.0,3.0,0.0,0.0,0.0,0.0,0.0,11.0,1.0,1.0,123.0,2.0,25.0,90.0,14.0,2.0,121.0,0.0,1.0,0.0,0.0,83.0,288.0,112.0,4.0,1.0,0.0,1.0,2.0,97.0,89.0,2.0,5.0,4.0,3.0,1.0,3.0,4.0,51.0,19.0,15.0,30.0,6.0,2.0,0.0,0.0,2.0,4.0,0.0,0.0
Juan Carlos Arce,MF,Bolivia,35.0,1985.0,2.0,2.0,157.0,0.0,0.0,0.0,0.0,0.0,0.0,2.0,0.0,27.0,0.0,1090.0,399.0,40.0,44.0,12.0,18.0,8.0,18.0,1.0,12.0,2.0,0.0,0.0,1.0,2.0,1.0,4.0,0.0,0.0,0.0,8.0,1.0,1.0,101.0,3.0,19.0,52.0,38.0,3.0,96.0,3.0,5.0,3.0,0.0,81.0,438.0,280.0,17.0,3.0,1.0,3.0,3.0,88.0,80.0,8.0,1.0,2.0,0.0,0.0,0.0,3.0,32.0,4.0,10.0,12.0,10.0,3.0,0.0,0.0,3.0,1.0,2.0,0.0
Jan Carlos Hurtado,FW,Venezuela,20.0,2000.0,2.0,0.0,27.0,0.0,0.0,0.0,0.0,0.0,0.0,0.0,0.0,0.0,0.0,23.0,10.0,0.0,0.0,1.0,1.0,0.0,0.0,0.0,0.0,0.0,0.0,0.0,2.0,0.0,0.0,0.0,0.0,0.0,0.0,2.0,0.0,2.0,5.0,1.0,1.0,0.0,4.0,2.0,5.0,0.0,0.0,0.0,0.0,3.0,0.0,0.0,0.0,0.0,0.0,0.0,2.0,13.0,2.0,1.0,0.0,0.0,0.0,0.0,0.0,0.0,15.0,3.0,0.0,10.0,5.0,0.0,0.0,0.0,0.0,0.0,1.0,0.0
André Carrillo,FW,Peru,29.0,1991.0,6.0,6.0,516.0,2.0,1.0,0.0,0.0,4.0,1.0,6.0,2.0,17.0,0.0,3450.0,794.0,80.0,92.0,91.0,100.0,16.0,23.0,4.0,16.0,5.0,1.0,1.0,12.0,5.0,3.0,9.0,0.0,0.0,0.0,34.0,2.0,17.0,331.0,11.0,50.0,164.0,152.0,15.0,329.0,16.0,37.0,17.0,2.0,278.0,1545.0,749.0,33.0,17.0,5.0,22.0,11.0,342.0,256.0,42.0,7.0,5.0,3.0,0.0,1.0,3.0,130.0,45.0,38.0,54.0,38.0,7.0,0.0,0.0,7.0,10.0,8.0,0.0
Wilder Cartagena,MF,Peru,26.0,1994.0,4.0,0.0,106.0,0.0,0.0,0.0,0.0,0.0,0.0,0.0,0.0,0.0,0.0,1347.0,398.0,36.0,38.0,27.0,30.0,8.0,10.0,0.0,3.0,0.0,0.0,0.0,1.0,2.0,0.0,0.0,0.0,0.0,0.0,8.0,3.0,1.0,97.0,3.0,37.0,54.0,12.0,1.0,96.0,1.0,1.0,1.0,0.0,74.0,236.0,94.0,0.0,0.0,0.0,2.0,0.0,71.0,70.0,1.0,2.0,2.0,2.0,1.0,2.0,1.0,32.0,13.0,19.0,11.0,2.0,1.0,0.0,0.0,1.0,4.0,2.0,0.0
Casemiro,MF,Brazil,28.0,1992.0,6.0,5.0,478.0,1.0,0.0,0.0,0.0,0.0,0.0,8.0,5.0,23.2,1.0,5296.0,1555.0,135.0,146.0,127.0,145.0,32.0,49.0,3.0,34.0,6.0,0.0,0.0,11.0,3.0,0.0,2.0,0.0,0.0,0.0,68.0,20.0,13.0,426.0,11.0,121.0,241.0,82.0,4.0,418.0,1.0,3.0,1.0,1.0,227.0,909.0,540.0,21.0,7.0,0.0,1.0,3.0,287.0,274.0,9.0,16.0,11.0,9.0,0.0,2.0,13.0,102.0,39.0,44.0,43.0,15.0,8.0,1.0,0.0,7.0,13.0,19.0,0.0
Cristian Cásseres Jr.,FW,Venezuela,21.0,2000.0,4.0,4.0,310.0,0.0,0.0,0.0,0.0,0.0,0.0,1.0,0.0,13.0,0.0,935.0,267.0,28.0,33.0,18.0,25.0,6.0,23.0,5.0,4.0,1.0,1.0,0.0,9.0,8.0,1.0,2.0,0.0,0.0,0.0,14.0,0.0,2.0,123.0,3.0,27.0,65.0,41.0,2.0,108.0,8.0,12.0,9.0,0.0,94.0,369.0,146.0,7.0,2.0,0.0,6.0,3.0,118.0,82.0,14.0,2.0,1.0,1.0,3.0,1.0,4.0,96.0,15.0,46.0,36.0,14.0,5.0,1.0,0.0,4.0,1.0,1.0,0.0
Edson Castillo,MF,Venezuela,26.0,1994.0,4.0,2.0,167.0,1.0,1.0,0.0,0.0,0.0,0.0,3.0,2.0,16.7,0.0,893.0,273.0,24.0,27.0,20.0,24.0,5.0,9.0,1.0,4.0,2.0,0.0,0.0,2.0,6.0,0.0,0.0,0.0,0.0,0.0,19.0,2.0,3.0,96.0,7.0,33.0,55.0,11.0,2.0,96.0,1.0,3.0,1.0,0.0,48.0,229.0,108.0,3.0,1.0,0.0,2.0,0.0,52.0,48.0,0.0,7.0,5.0,4.0,0.0,6.0,1.0,41.0,14.0,19.0,22.0,0.0,3.0,1.0,0.0,2.0,10.0,4.0,0.0
Edinson Cavani,FW,Uruguay,33.0,1987.0,5.0,5.0,427.0,2.0,0.0,1.0,1.0,0.0,0.0,14.0,5.0,15.4,0.0,2109.0,324.0,68.0,75.0,35.0,45.0,14.0,16.0,5.0,4.0,5.0,0.0,0.0,5.0,8.0,2.0,4.0,0.0,0.0,0.0,29.0,4.0,12.0,201.0,2.0,21.0,67.0,120.0,33.0,199.0,6.0,9.0,6.0,0.0,136.0,584.0,205.0,12.0,3.0,1.0,9.0,6.0,222.0,156.0,40.0,1.0,1.0,1.0,1.0,2.0,4.0,65.0,10.0,8.0,28.0,29.0,1.0,0.0,0.0,1.0,5.0,2.0,0.0
Richard Celis,MF,Venezuela,24.0,1996.0,2.0,0.0,23.0,0.0,0.0,0.0,0.0,0.0,0.0,0.0,0.0,0.0,0.0,51.0,10.0,3.0,4.0,1.0,1.0,0.0,2.0,0.0,0.0,0.0,0.0,0.0,3.0,1.0,0.0,0.0,0.0,0.0,0.0,4.0,0.0,0.0,20.0,0.0,5.0,12.0,6.0,0.0,20.0,0.0,2.0,0.0,0.0,11.0,94.0,69.0,1.0,1.0,0.0,2.0,2.0,10.0,8.0,0.0,2.0,2.0,2.0,0.0,2.0,1.0,13.0,3.0,5.0,6.0,2.0,2.0,0.0,0.0,2.0,2.0,1.0,0.0
Boris Cespedes,MF,Bolivia,25.0,1995.0,2.0,2.0,105.0,0.0,0.0,0.0,0.0,0.0,0.0,0.0,0.0,0.0,0.0,441.0,117.0,12.0,13.0,8.0,10.0,4.0,5.0,1.0,3.0,0.0,0.0,0.0,2.0,2.0,0.0,0.0,0.0,0.0,0.0,2.0,2.0,0.0,43.0,5.0,15.0,27.0,5.0,1.0,43.0,0.0,0.0,0.0,0.0,31.0,143.0,76.0,1.0,0.0,0.0,0.0,3.0,33.0,31.0,1.0,1.0,1.0,1.0,0.0,1.0,3.0,39.0,4.0,19.0,17.0,3.0,0.0,0.0,0.0,0.0,5.0,2.0,0.0
Yimmi Chará,MF,Colombia,29.0,1991.0,4.0,0.0,165.0,0.0,0.0,0.0,0.0,0.0,0.0,0.0,0.0,0.0,0.0,1033.0,335.0,25.0,28.0,25.0,27.0,5.0,8.0,4.0,8.0,2.0,0.0,0.0,2.0,1.0,0.0,2.0,0.0,0.0,0.0,8.0,0.0,2.0,83.0,2.0,16.0,42.0,30.0,4.0,82.0,2.0,4.0,2.0,0.0,58.0,315.0,219.0,5.0,4.0,0.0,6.0,2.0,80.0,67.0,9.0,2.0,2.0,0.0,0.0,2.0,1.0,35.0,6.0,5.0,16.0,14.0,1.0,0.0,0.0,1.0,1.0,1.0,0.0
Jeyson Chura,FW,Bolivia,18.0,2002.0,3.0,3.0,168.0,0.0,0.0,0.0,0.0,1.0,0.0,3.0,1.0,25.3,0.0,829.0,182.0,30.0,30.0,18.0,22.0,4.0,6.0,2.0,3.0,0.0,0.0,0.0,4.0,1.0,0.0,0.0,0.0,0.0,0.0,9.0,0.0,7.0,85.0,5.0,15.0,41.0,34.0,3.0,84.0,3.0,4.0,3.0,0.0,70.0,338.0,165.0,8.0,1.0,0.0,7.0,6.0,94.0,65.0,13.0,1.0,2.0,0.0,0.0,1.0,4.0,65.0,9.0,16.0,19.0,30.0,2.0,0.0,0.0,2.0,2.0,1.0,0.0
Sebastián Coates,DF,Uruguay,30.0,1990.0,1.0,0.0,45.0,0.0,0.0,0.0,0.0,0.0,0.0,0.0,0.0,0.0,0.0,265.0,123.0,2.0,2.0,8.0,9.0,1.0,2.0,1.0,2.0,0.0,0.0,0.0,0.0,0.0,0.0,0.0,0.0,0.0,0.0,1.0,1.0,2.0,23.0,4.0,17.0,7.0,0.0,0.0,21.0,0.0,0.0,0.0,0.0,10.0,67.0,37.0,1.0,0.0,0.0,1.0,0.0,8.0,8.0,0.0,1.0,2.0,0.0,0.0,2.0,0.0,7.0,3.0,6.0,1.0,0.0,2.0,2.0,0.0,0.0,2.0,5.0,0.0
Sergio Córdova,FW,Venezuela,23.0,1997.0,4.0,1.0,133.0,0.0,0.0,0.0,0.0,0.0,0.0,3.0,0.0,13.6,0.0,364.0,38.0,17.0,19.0,6.0,10.0,2.0,3.0,2.0,1.0,0.0,0.0,0.0,2.0,0.0,1.0,1.0,0.0,0.0,0.0,6.0,9.0,10.0,53.0,1.0,5.0,34.0,18.0,4.0,49.0,4.0,5.0,4.0,1.0,32.0,96.0,51.0,3.0,1.0,1.0,4.0,3.0,69.0,35.0,6.0,0.0,0.0,0.0,1.0,0.0,1.0,25.0,5.0,3.0,14.0,8.0,2.0,0.0,0.0,2.0,1.0,1.0,0.0
Ángel Correa,FW,Argentina,25.0,1995.0,2.0,1.0,73.0,0.0,0.0,0.0,0.0,0.0,0.0,2.0,2.0,14.7,0.0,684.0,81.0,21.0,24.0,11.0,11.0,5.0,5.0,2.0,2.0,4.0,0.0,0.0,0.0,4.0,0.0,1.0,0.0,0.0,0.0,9.0,0.0,1.0,58.0,0.0,6.0,23.0,33.0,6.0,58.0,2.0,6.0,3.0,0.0,43.0,193.0,120.0,8.0,3.0,0.0,1.0,2.0,54.0,45.0,6.0,1.0,0.0,1.0,1.0,0.0,1.0,14.0,4.0,3.0,4.0,7.0,2.0,0.0,0.0,2.0,0.0,0.0,0.0
Joaquín Correa,FW,Argentina,26.0,1994.0,3.0,0.0,82.0,0.0,0.0,0.0,0.0,1.0,0.0,0.0,0.0,0.0,0.0,181.0,16.0,10.0,11.0,4.0,4.0,0.0,0.0,0.0,0.0,0.0,0.0,0.0,2.0,2.0,0.0,1.0,0.0,0.0,0.0,3.0,0.0,3.0,27.0,1.0,6.0,9.0,14.0,5.0,27.0,1.0,2.0,1.0,0.0,23.0,194.0,87.0,5.0,2.0,2.0,2.0,1.0,31.0,20.0,8.0,0.0,1.0,0.0,0.0,1.0,2.0,18.0,6.0,6.0,7.0,5.0,1.0,0.0,0.0,1.0,2.0,0.0,0.0
Aldo Corzo,DF,Peru,31.0,1989.0,7.0,7.0,600.0,0.0,0.0,0.0,0.0,0.0,0.0,1.0,1.0,4.0,0.0,3035.0,1402.0,117.0,127.0,67.0,82.0,11.0,21.0,2.0,12.0,0.0,0.0,0.0,8.0,5.0,0.0,9.0,0.0,0.0,0.0,35.0,7.0,17.0,326.0,22.0,102.0,130.0,107.0,9.0,279.0,2.0,6.0,2.0,0.0,180.0,692.0,309.0,11.0,5.0,0.0,5.0,8.0,194.0,175.0,8.0,9.0,9.0,2.0,1.0,8.0,8.0,83.0,29.0,40.0,20.0,23.0,20.0,3.0,0.0,17.0,11.0,15.0,0.0
Juan Cuadrado,MF,Colombia,32.0,1988.0,6.0,6.0,570.0,1.0,1.0,0.0,0.0,3.0,0.0,5.0,3.0,22.0,2.0,5103.0,1675.0,88.0,97.0,94.0,111.0,52.0,90.0,17.0,20.0,13.0,3.0,0.0,17.0,26.0,0.0,24.0,0.0,0.0,0.0,44.0,0.0,6.0,394.0,3.0,59.0,193.0,177.0,17.0,359.0,17.0,27.0,18.0,0.0,305.0,1246.0,722.0,41.0,15.0,4.0,12.0,15.0,333.0,277.0,35.0,8.0,4.0,5.0,2.0,3.0,11.0,133.0,36.0,43.0,59.0,31.0,9.0,1.0,0.0,8.0,13.0,2.0,0.0
Adrián Cubas,MF,Paraguay,24.0,1996.0,3.0,1.0,87.0,0.0,0.0,0.0,0.0,0.0,0.0,1.0,0.0,26.0,0.0,1051.0,185.0,22.0,22.0,25.0,27.0,7.0,8.0,1.0,4.0,0.0,0.0,0.0,1.0,1.0,0.0,0.0,0.0,0.0,0.0,10.0,1.0,1.0,72.0,0.0,21.0,49.0,8.0,0.0,72.0,0.0,0.0,0.0,0.0,54.0,253.0,105.0,4.0,1.0,0.0,3.0,1.0,54.0,52.0,1.0,2.0,1.0,1.0,0.0,0.0,2.0,33.0,10.0,14.0,19.0,0.0,3.0,1.0,0.0,2.0,2.0,0.0,0.0
Gustavo Cuellar,MF,Colombia,28.0,1992.0,6.0,3.0,284.0,0.0,0.0,0.0,0.0,1.0,0.0,1.0,0.0,23.7,0.0,3235.0,832.0,66.0,72.0,70.0,76.0,27.0,35.0,0.0,18.0,2.0,0.0,0.0,6.0,0.0,0.0,1.0,0.0,0.0,0.0,23.0,0.0,0.0,223.0,14.0,72.0,137.0,31.0,0.0,220.0,4.0,4.0,4.0,0.0,153.0,836.0,481.0,15.0,2.0,0.0,2.0,6.0,168.0,161.0,4.0,11.0,6.0,6.0,1.0,3.0,10.0,98.0,29.0,41.0,46.0,11.0,3.0,0.0,0.0,3.0,11.0,10.0,0.0
Jaume Cuéllar,FW,Bolivia,19.0,2001.0,1.0,1.0,44.0,0.0,0.0,0.0,0.0,2.0,1.0,0.0,0.0,0.0,0.0,73.0,2.0,4.0,5.0,1.0,2.0,0.0,0.0,0.0,0.0,0.0,0.0,1.0,2.0,2.0,0.0,0.0,0.0,0.0,0.0,1.0,0.0,2.0,11.0,1.0,1.0,5.0,7.0,0.0,11.0,0.0,0.0,0.0,0.0,9.0,85.0,34.0,2.0,1.0,0.0,1.0,1.0,17.0,9.0,0.0,0.0,0.0,0.0,0.0,0.0,2.0,13.0,0.0,1.0,7.0,5.0,0.0,0.0,0.0,0.0,0.0,0.0,0.0
Christian Cueva,FW,Peru,29.0,1991.0,7.0,7.0,597.0,0.0,2.0,0.0,0.0,2.0,0.0,5.0,1.0,22.3,1.0,3420.0,932.0,127.0,146.0,80.0,97.0,11.0,30.0,15.0,21.0,10.0,1.0,0.0,5.0,29.0,1.0,8.0,0.0,0.0,0.0,43.0,3.0,10.0,397.0,6.0,49.0,211.0,165.0,10.0,383.0,21.0,36.0,22.0,1.0,343.0,1707.0,995.0,51.0,14.0,1.0,15.0,23.0,384.0,304.0,51.0,12.0,7.0,5.0,2.0,2.0,15.0,144.0,35.0,33.0,71.0,40.0,7.0,0.0,0.0,7.0,10.0,1.0,0.0
Yohan Cumana,DF,Venezuela,24.0,1996.0,3.0,3.0,256.0,0.0,0.0,0.0,0.0,1.0,0.0,1.0,0.0,22.8,0.0,659.0,323.0,20.0,25.0,15.0,18.0,4.0,9.0,1.0,2.0,0.0,0.0,0.0,3.0,5.0,1.0,3.0,0.0,1.0,0.0,11.0,4.0,3.0,84.0,10.0,32.0,38.0,19.0,0.0,71.0,1.0,2.0,1.0,0.0,46.0,246.0,142.0,5.0,2.0,0.0,3.0,3.0,53.0,36.0,7.0,2.0,2.0,0.0,0.0,2.0,4.0,56.0,15.0,35.0,14.0,7.0,10.0,1.0,1.0,9.0,3.0,7.0,0.0
Robert Piris Da Motta,MF,Paraguay,26.0,1994.0,3.0,2.0,180.0,0.0,0.0,0.0,0.0,0.0,0.0,0.0,0.0,0.0,0.0,1514.0,243.0,29.0,35.0,34.0,36.0,12.0,15.0,0.0,9.0,0.0,0.0,0.0,5.0,3.0,0.0,0.0,0.0,0.0,0.0,7.0,3.0,1.0,99.0,1.0,22.0,72.0,10.0,0.0,96.0,1.0,1.0,1.0,0.0,68.0,252.0,82.0,0.0,1.0,0.0,1.0,1.0,76.0,75.0,0.0,4.0,3.0,3.0,0.0,3.0,3.0,36.0,11.0,11.0,20.0,5.0,1.0,1.0,0.0,0.0,2.0,1.0,1.0
Danilo,DF,Brazil,29.0,1991.0,7.0,6.0,575.0,0.0,0.0,0.0,0.0,0.0,0.0,7.0,2.0,22.7,0.0,5864.0,1834.0,136.0,147.0,160.0,177.0,28.0,42.0,2.0,30.0,2.0,2.0,0.0,4.0,3.0,0.0,3.0,1.0,0.0,0.0,37.0,9.0,3.0,449.0,18.0,118.0,244.0,111.0,6.0,396.0,6.0,8.0,7.0,2.0,268.0,1221.0,752.0,24.0,9.0,1.0,5.0,3.0,301.0,292.0,9.0,3.0,2.0,3.0,0.0,0.0,4.0,48.0,13.0,15.0,26.0,7.0,8.0,1.0,1.0,7.0,12.0,18.0,0.0
Héctor David Martínez,DF,Paraguay,23.0,1998.0,4.0,2.0,261.0,0.0,0.0,0.0,0.0,1.0,0.0,5.0,1.0,12.1,0.0,1594.0,919.0,36.0,44.0,36.0,49.0,12.0,20.0,3.0,8.0,6.0,3.0,0.0,1.0,2.0,0.0,5.0,0.0,0.0,0.0,18.0,3.0,4.0,140.0,6.0,45.0,64.0,37.0,4.0,119.0,1.0,3.0,1.0,1.0,85.0,445.0,262.0,13.0,2.0,0.0,2.0,0.0,90.0,81.0,7.0,4.0,6.0,0.0,0.0,6.0,4.0,51.0,12.0,28.0,22.0,1.0,3.0,0.0,0.0,3.0,4.0,4.0,0.0
Giorgian De Arrascaeta,MF,Uruguay,26.0,1994.0,4.0,4.0,264.0,0.0,0.0,0.0,0.0,0.0,0.0,6.0,3.0,19.1,0.0,2258.0,571.0,60.0,70.0,42.0,62.0,18.0,33.0,7.0,8.0,4.0,1.0,0.0,3.0,5.0,1.0,10.0,0.0,0.0,0.0,23.0,0.0,5.0,201.0,0.0,14.0,80.0,119.0,14.0,185.0,2.0,5.0,3.0,0.0,142.0,631.0,251.0,17.0,7.0,1.0,6.0,4.0,183.0,150.0,30.0,5.0,0.0,2.0,3.0,1.0,1.0,59.0,15.0,6.0,31.0,22.0,5.0,0.0,0.0,5.0,2.0,0.0,0.0
Nicolás De La Cruz,MF,Uruguay,23.0,1997.0,4.0,4.0,259.0,0.0,0.0,0.0,0.0,0.0,0.0,1.0,0.0,18.7,0.0,1832.0,561.0,77.0,81.0,36.0,44.0,9.0,17.0,2.0,9.0,6.0,1.0,0.0,6.0,3.0,0.0,5.0,0.0,0.0,0.0,22.0,4.0,3.0,178.0,2.0,25.0,97.0,76.0,8.0,175.0,6.0,7.0,6.0,0.0,127.0,759.0,471.0,19.0,9.0,1.0,8.0,6.0,149.0,128.0,19.0,4.0,2.0,7.0,0.0,4.0,5.0,88.0,24.0,25.0,45.0,18.0,4.0,0.0,0.0,4.0,7.0,0.0,0.0
Rodrigo De Paul,MF,Argentina,26.0,1994.0,6.0,5.0,498.0,1.0,1.0,0.0,0.0,1.0,0.0,4.0,2.0,14.0,0.0,4157.0,999.0,87.0,100.0,83.0,93.0,34.0,44.0,8.0,18.0,5.0,0.0,0.0,11.0,17.0,0.0,4.0,0.0,0.0,0.0,42.0,1.0,2.0,305.0,3.0,75.0,140.0,119.0,7.0,281.0,3.0,10.0,5.0,0.0,224.0,1265.0,670.0,29.0,10.0,1.0,3.0,7.0,226.0,202.0,13.0,10.0,7.0,2.0,2.0,5.0,3.0,87.0,30.0,37.0,29.0,21.0,8.0,0.0,0.0,8.0,8.0,5.0,0.0
Ángel Di María,FW,Argentina,32.0,1988.0,6.0,2.0,277.0,1.0,1.0,0.0,0.0,0.0,0.0,11.0,3.0,19.0,0.0,1456.0,397.0,52.0,60.0,32.0,41.0,6.0,9.0,5.0,5.0,7.0,1.0,0.0,2.0,7.0,0.0,7.0,0.0,0.0,0.0,25.0,0.0,2.0,176.0,1.0,21.0,73.0,104.0,15.0,172.0,15.0,23.0,15.0,0.0,154.0,958.0,664.0,36.0,18.0,6.0,8.0,10.0,155.0,132.0,22.0,3.0,0.0,2.0,1.0,0.0,6.0,51.0,15.0,10.0,16.0,25.0,8.0,0.0,0.0,8.0,2.0,1.0,0.0
Damián Díaz,MF,Ecuador,34.0,1986.0,2.0,1.0,74.0,0.0,1.0,0.0,0.0,0.0,0.0,1.0,1.0,12.2,0.0,610.0,210.0,12.0,16.0,12.0,14.0,6.0,9.0,2.0,7.0,1.0,0.0,0.0,0.0,0.0,0.0,2.0,0.0,0.0,0.0,4.0,0.0,0.0,50.0,0.0,2.0,31.0,21.0,2.0,46.0,3.0,3.0,3.0,1.0,38.0,244.0,125.0,7.0,4.0,0.0,2.0,2.0,46.0,39.0,2.0,1.0,0.0,1.0,0.0,0.0,2.0,9.0,4.0,1.0,4.0,4.0,0.0,0.0,0.0,0.0,0.0,0.0,0.0
Nicolás Domínguez,MF,Argentina,22.0,1998.0,2.0,0.0,30.0,0.0,0.0,0.0,0.0,0.0,0.0,0.0,0.0,0.0,0.0,432.0,66.0,21.0,21.0,7.0,7.0,2.0,2.0,0.0,2.0,0.0,0.0,0.0,0.0,2.0,0.0,0.0,0.0,0.0,0.0,5.0,1.0,0.0,36.0,0.0,5.0,21.0,11.0,1.0,36.0,0.0,0.0,0.0,0.0,29.0,72.0,20.0,2.0,0.0,0.0,1.0,1.0,34.0,31.0,1.0,0.0,0.0,0.0,0.0,0.0,0.0,3.0,1.0,0.0,3.0,0.0,0.0,0.0,0.0,0.0,0.0,0.0,0.0
Emerson,DF,Brazil,22.0,1999.0,3.0,1.0,112.0,0.0,0.0,0.0,0.0,0.0,0.0,0.0,0.0,0.0,0.0,906.0,259.0,37.0,42.0,19.0,22.0,4.0,4.0,0.0,3.0,0.0,0.0,0.0,2.0,4.0,0.0,1.0,0.0,0.0,0.0,16.0,5.0,2.0,91.0,4.0,40.0,29.0,26.0,0.0,81.0,0.0,0.0,0.0,0.0,49.0,241.0,141.0,8.0,3.0,0.0,1.0,2.0,53.0,48.0,1.0,3.0,3.0,1.0,0.0,1.0,3.0,18.0,7.0,10.0,4.0,4.0,4.0,0.0,0.0,4.0,2.0,8.0,0.0
Julio Enciso,MF,Paraguay,17.0,2004.0,2.0,0.0,42.0,0.0,0.0,0.0,0.0,0.0,0.0,2.0,0.0,23.7,0.0,40.0,9.0,2.0,2.0,1.0,1.0,0.0,0.0,0.0,0.0,0.0,0.0,0.0,1.0,2.0,0.0,0.0,0.0,0.0,0.0,1.0,0.0,0.0,10.0,0.0,2.0,4.0,5.0,0.0,10.0,1.0,2.0,1.0,0.0,10.0,42.0,29.0,3.0,0.0,0.0,0.0,1.0,10.0,8.0,1.0,0.0,1.0,0.0,0.0,0.0,0.0,8.0,2.0,3.0,2.0,3.0,0.0,0.0,0.0,0.0,0.0,0.0,0.0
Alberto Espínola,DF,Paraguay,29.0,1991.0,5.0,5.0,446.0,0.0,0.0,0.0,0.0,2.0,0.0,3.0,0.0,15.6,0.0,3910.0,1592.0,102.0,110.0,76.0,88.0,28.0,44.0,4.0,13.0,4.0,2.0,0.0,10.0,7.0,1.0,11.0,0.0,0.0,0.0,31.0,7.0,2.0,302.0,12.0,104.0,133.0,83.0,7.0,250.0,5.0,6.0,6.0,0.0,169.0,788.0,449.0,19.0,3.0,0.0,3.0,3.0,179.0,163.0,8.0,8.0,14.0,5.0,1.0,12.0,10.0,95.0,25.0,44.0,38.0,13.0,3.0,0.0,0.0,3.0,10.0,13.0,0.0
Michael Estrada,FW,Ecuador,24.0,1996.0,3.0,1.0,140.0,0.0,0.0,0.0,0.0,0.0,0.0,4.0,0.0,14.6,0.0,216.0,26.0,12.0,15.0,5.0,6.0,0.0,0.0,0.0,1.0,0.0,0.0,0.0,0.0,5.0,0.0,0.0,0.0,0.0,0.0,9.0,4.0,2.0,42.0,0.0,1.0,18.0,24.0,11.0,40.0,1.0,1.0,1.0,0.0,27.0,88.0,29.0,2.0,0.0,0.0,1.0,3.0,46.0,26.0,10.0,0.0,0.0,0.0,0.0,0.0,2.0,33.0,10.0,2.0,7.0,24.0,1.0,0.0,0.0,1.0,1.0,0.0,0.0
Pervis Estupiñán,DF,Ecuador,23.0,1998.0,5.0,5.0,450.0,0.0,0.0,0.0,0.0,2.0,0.0,4.0,3.0,27.4,2.0,3586.0,1534.0,88.0,102.0,80.0,99.0,25.0,57.0,11.0,16.0,11.0,6.0,0.0,19.0,8.0,0.0,30.0,0.0,0.0,0.0,40.0,7.0,5.0,345.0,8.0,71.0,138.0,150.0,7.0,281.0,6.0,12.0,6.0,0.0,205.0,1039.0,607.0,27.0,6.0,1.0,10.0,6.0,203.0,180.0,17.0,12.0,5.0,5.0,6.0,3.0,6.0,106.0,31.0,29.0,51.0,26.0,11.0,2.0,0.0,9.0,12.0,9.0,0.0
Fabinho,MF,Brazil,27.0,1993.0,4.0,2.0,192.0,0.0,0.0,0.0,0.0,0.0,0.0,1.0,0.0,25.1,0.0,2727.0,639.0,66.0,69.0,72.0,74.0,13.0,16.0,0.0,9.0,1.0,0.0,0.0,1.0,2.0,0.0,1.0,0.0,0.0,0.0,22.0,3.0,3.0,189.0,5.0,52.0,124.0,28.0,2.0,183.0,4.0,5.0,4.0,1.0,120.0,578.0,288.0,7.0,0.0,0.0,2.0,1.0,143.0,139.0,4.0,6.0,2.0,6.0,3.0,6.0,2.0,33.0,12.0,13.0,15.0,5.0,3.0,0.0,0.0,3.0,1.0,7.0,0.0
Frank Fabra,DF,Colombia,29.0,1991.0,1.0,0.0,75.0,0.0,0.0,0.0,0.0,1.0,0.0,0.0,0.0,0.0,0.0,238.0,91.0,3.0,3.0,9.0,11.0,1.0,3.0,0.0,0.0,1.0,0.0,0.0,1.0,0.0,0.0,2.0,0.0,0.0,0.0,3.0,0.0,0.0,19.0,0.0,7.0,8.0,4.0,0.0,18.0,0.0,0.0,0.0,0.0,13.0,58.0,28.0,2.0,0.0,0.0,0.0,0.0,11.0,11.0,1.0,0.0,0.0,0.0,0.0,0.0,2.0,3.0,1.0,2.0,0.0,1.0,0.0,0.0,0.0,0.0,0.0,1.0,0.0
Roberto Fernández,DF,Bolivia,21.0,1999.0,4.0,3.0,288.0,0.0,0.0,0.0,0.0,0.0,0.0,3.0,1.0,25.7,0.0,1926.0,821.0,54.0,61.0,57.0,62.0,3.0,11.0,0.0,7.0,1.0,1.0,0.0,4.0,2.0,0.0,3.0,0.0,0.0,0.0,13.0,1.0,3.0,192.0,17.0,77.0,91.0,48.0,1.0,176.0,4.0,11.0,6.0,0.0,138.0,910.0,544.0,21.0,9.0,0.0,5.0,8.0,142.0,124.0,5.0,3.0,4.0,0.0,0.0,3.0,7.0,60.0,11.0,34.0,16.0,10.0,11.0,0.0,0.0,11.0,12.0,10.0,0.0
Luis Fernando Díaz,MF,Colombia,24.0,1997.0,5.0,4.0,417.0,4.0,0.0,0.0,0.0,0.0,1.0,10.0,8.0,16.9,0.0,2138.0,461.0,65.0,75.0,46.0,55.0,12.0,16.0,3.0,3.0,3.0,1.0,0.0,3.0,11.0,0.0,6.0,0.0,0.0,0.0,35.0,3.0,5.0,219.0,1.0,32.0,97.0,118.0,23.0,213.0,26.0,32.0,26.0,0.0,193.0,1250.0,846.0,43.0,18.0,7.0,9.0,13.0,199.0,161.0,32.0,2.0,3.0,1.0,0.0,0.0,2.0,58.0,18.0,18.0,22.0,18.0,3.0,0.0,0.0,3.0,3.0,2.0,0.0
Nahuel Ferraresi,DF,Venezuela,22.0,1998.0,1.0,1.0,90.0,0.0,0.0,0.0,0.0,0.0,0.0,2.0,0.0,17.1,0.0,998.0,431.0,12.0,14.0,29.0,32.0,7.0,8.0,0.0,4.0,0.0,0.0,0.0,2.0,1.0,0.0,0.0,0.0,0.0,0.0,5.0,3.0,1.0,66.0,8.0,39.0,26.0,4.0,1.0,66.0,1.0,1.0,1.0,0.0,41.0,252.0,173.0,6.0,1.0,0.0,0.0,0.0,52.0,50.0,0.0,0.0,1.0,0.0,1.0,2.0,1.0,8.0,1.0,4.0,3.0,1.0,1.0,0.0,0.0,1.0,4.0,3.0,0.0
Roberto Firmino,MF,Brazil,29.0,1991.0,5.0,2.0,216.0,1.0,0.0,0.0,0.0,0.0,0.0,4.0,3.0,8.7,0.0,981.0,311.0,38.0,42.0,24.0,28.0,2.0,2.0,2.0,6.0,3.0,0.0,0.0,4.0,4.0,0.0,0.0,0.0,0.0,0.0,14.0,3.0,4.0,104.0,1.0,15.0,49.0,43.0,6.0,104.0,3.0,3.0,3.0,0.0,74.0,334.0,161.0,9.0,1.0,0.0,8.0,3.0,102.0,76.0,16.0,2.0,1.0,3.0,0.0,3.0,0.0,48.0,15.0,4.0,23.0,21.0,5.0,0.0,0.0,5.0,2.0,1.0,0.0
Enrique Flores,DF,Bolivia,26.0,1994.0,3.0,1.0,75.0,0.0,0.0,0.0,0.0,1.0,0.0,0.0,0.0,0.0,0.0,343.0,128.0,8.0,8.0,9.0,13.0,2.0,3.0,1.0,1.0,2.0,2.0,0.0,1.0,1.0,1.0,3.0,0.0,0.0,0.0,3.0,0.0,0.0,39.0,1.0,10.0,13.0,17.0,2.0,32.0,2.0,5.0,2.0,0.0,26.0,160.0,91.0,3.0,0.0,1.0,2.0,1.0,28.0,22.0,4.0,1.0,0.0,0.0,1.0,0.0,1.0,6.0,1.0,0.0,2.0,4.0,3.0,0.0,0.0,3.0,0.0,1.0,0.0
Alan Franco,MF,Ecuador,22.0,1998.0,4.0,3.0,248.0,0.0,0.0,0.0,0.0,1.0,0.0,1.0,0.0,16.0,0.0,1174.0,220.0,30.0,34.0,35.0,38.0,3.0,7.0,2.0,2.0,1.0,0.0,0.0,4.0,1.0,0.0,1.0,0.0,0.0,0.0,16.0,0.0,6.0,100.0,2.0,18.0,50.0,34.0,3.0,100.0,0.0,0.0,0.0,0.0,66.0,211.0,103.0,5.0,0.0,0.0,1.0,2.0,86.0,68.0,8.0,2.0,1.0,2.0,0.0,0.0,1.0,44.0,7.0,10.0,23.0,11.0,4.0,0.0,0.0,4.0,6.0,1.0,0.0
Fred,MF,Brazil,27.0,1993.0,6.0,6.0,460.0,0.0,1.0,0.0,0.0,1.0,0.0,2.0,0.0,27.0,0.0,5744.0,1747.0,147.0,160.0,131.0,138.0,39.0,47.0,4.0,45.0,5.0,0.0,0.0,6.0,5.0,0.0,2.0,0.0,0.0,0.0,62.0,1.0,3.0,425.0,6.0,101.0,270.0,77.0,3.0,413.0,6.0,11.0,8.0,2.0,305.0,1208.0,648.0,25.0,9.0,1.0,6.0,4.0,319.0,307.0,9.0,9.0,9.0,5.0,1.0,5.0,7.0,135.0,46.0,46.0,71.0,18.0,9.0,0.0,0.0,9.0,10.0,1.0,0.0
Pablo Galdames Millán,MF,Chile,24.0,1996.0,2.0,0.0,24.0,0.0,0.0,0.0,0.0,0.0,0.0,0.0,0.0,0.0,0.0,279.0,48.0,3.0,5.0,8.0,9.0,2.0,3.0,0.0,0.0,0.0,0.0,0.0,0.0,0.0,0.0,0.0,0.0,0.0,0.0,1.0,0.0,1.0,20.0,0.0,2.0,9.0,13.0,2.0,19.0,0.0,0.0,0.0,0.0,13.0,47.0,20.0,0.0,3.0,0.0,0.0,1.0,18.0,14.0,4.0,1.0,0.0,1.0,0.0,0.0,0.0,9.0,5.0,1.0,5.0,3.0,0.0,0.0,0.0,0.0,0.0,0.0,0.0
Raziel García,FW,Peru,26.0,1994.0,4.0,0.0,86.0,0.0,1.0,0.0,0.0,0.0,0.0,3.0,1.0,22.9,0.0,898.0,289.0,32.0,34.0,23.0,27.0,3.0,5.0,2.0,5.0,2.0,0.0,0.0,1.0,0.0,0.0,1.0,0.0,0.0,0.0,11.0,0.0,3.0,81.0,0.0,13.0,40.0,33.0,2.0,80.0,2.0,2.0,2.0,0.0,70.0,235.0,124.0,7.0,2.0,0.0,3.0,2.0,66.0,60.0,6.0,2.0,4.0,0.0,0.0,3.0,4.0,26.0,5.0,10.0,11.0,5.0,0.0,0.0,0.0,0.0,3.0,0.0,0.0
Gastón Giménez,MF,Paraguay,29.0,1991.0,2.0,1.0,80.0,0.0,0.0,0.0,0.0,0.0,0.0,0.0,0.0,0.0,0.0,363.0,103.0,8.0,8.0,9.0,11.0,2.0,5.0,0.0,0.0,0.0,0.0,0.0,2.0,1.0,0.0,0.0,0.0,0.0,0.0,4.0,0.0,0.0,34.0,4.0,13.0,21.0,3.0,0.0,34.0,1.0,2.0,2.0,0.0,23.0,97.0,42.0,3.0,1.0,0.0,1.0,1.0,27.0,23.0,1.0,2.0,2.0,0.0,0.0,1.0,0.0,25.0,5.0,12.0,12.0,1.0,1.0,0.0,0.0,1.0,1.0,1.0,0.0
Diego Godín,DF,Uruguay,34.0,1986.0,5.0,5.0,405.0,0.0,0.0,0.0,0.0,1.0,0.0,2.0,0.0,8.6,0.0,5453.0,1783.0,81.0,86.0,128.0,133.0,47.0,57.0,1.0,15.0,1.0,0.0,0.0,4.0,5.0,0.0,0.0,0.0,0.0,0.0,38.0,9.0,6.0,308.0,25.0,158.0,159.0,11.0,4.0,290.0,3.0,4.0,3.0,0.0,213.0,1063.0,574.0,11.0,4.0,0.0,0.0,1.0,218.0,215.0,0.0,4.0,3.0,2.0,0.0,3.0,5.0,43.0,17.0,26.0,14.0,3.0,5.0,1.0,0.0,4.0,5.0,14.0,0.0
Gustavo Gómez,DF,Paraguay,27.0,1993.0,4.0,4.0,314.0,1.0,0.0,0.0,0.0,3.0,1.0,3.0,1.0,10.0,0.0,3419.0,1412.0,45.0,46.0,82.0,85.0,29.0,37.0,1.0,9.0,1.0,0.0,1.0,8.0,3.0,0.0,2.0,0.0,0.0,1.0,24.0,11.0,7.0,203.0,22.0,122.0,86.0,11.0,4.0,196.0,0.0,0.0,0.0,0.0,133.0,643.0,322.0,8.0,2.0,0.0,0.0,0.0,142.0,135.0,1.0,4.0,5.0,1.0,0.0,0.0,2.0,36.0,19.0,16.0,19.0,1.0,3.0,0.0,0.0,3.0,7.0,17.0,0.0
Maxi Gómez,FW,Uruguay,24.0,1996.0,1.0,0.0,3.0,0.0,0.0,0.0,0.0,0.0,0.0,1.0,0.0,9.1,0.0,15.0,0.0,0.0,0.0,1.0,1.0,0.0,0.0,0.0,0.0,0.0,0.0,0.0,0.0,0.0,0.0,0.0,0.0,0.0,0.0,0.0,1.0,0.0,4.0,0.0,0.0,1.0,3.0,2.0,4.0,0.0,0.0,0.0,0.0,2.0,1.0,0.0,0.0,0.0,0.0,0.0,0.0,5.0,4.0,1.0,0.0,0.0,0.0,0.0,0.0,0.0,3.0,0.0,0.0,2.0,1.0,0.0,0.0,0.0,0.0,0.0,0.0,0.0
Papu Gómez,FW,Argentina,32.0,1988.0,2.0,2.0,126.0,2.0,0.0,0.0,0.0,0.0,0.0,3.0,2.0,15.2,0.0,1238.0,351.0,46.0,47.0,32.0,35.0,2.0,3.0,1.0,8.0,1.0,0.0,0.0,0.0,1.0,0.0,1.0,1.0,0.0,0.0,7.0,0.0,1.0,105.0,2.0,15.0,64.0,40.0,4.0,105.0,3.0,7.0,3.0,0.0,87.0,565.0,354.0,16.0,6.0,1.0,1.0,1.0,93.0,89.0,7.0,3.0,1.0,2.0,1.0,0.0,1.0,29.0,9.0,6.0,14.0,9.0,2.0,0.0,0.0,2.0,1.0,0.0,0.0
Carlos González Espínola,FW,Paraguay,27.0,1993.0,5.0,2.0,214.0,0.0,0.0,0.0,0.0,0.0,0.0,7.0,2.0,9.9,0.0,511.0,64.0,23.0,32.0,9.0,17.0,2.0,2.0,2.0,1.0,1.0,0.0,0.0,2.0,6.0,0.0,2.0,1.0,0.0,0.0,7.0,21.0,11.0,80.0,2.0,5.0,41.0,40.0,15.0,76.0,1.0,2.0,1.0,0.0,37.0,139.0,64.0,4.0,1.0,1.0,7.0,3.0,117.0,61.0,16.0,0.0,0.0,0.0,0.0,0.0,4.0,42.0,6.0,2.0,19.0,21.0,0.0,0.0,0.0,0.0,2.0,3.0,0.0
Alexander González,DF,Venezuela,28.0,1992.0,4.0,3.0,289.0,0.0,0.0,0.0,0.0,0.0,0.0,1.0,0.0,23.3,0.0,1349.0,700.0,40.0,50.0,29.0,37.0,7.0,23.0,1.0,11.0,0.0,0.0,0.0,4.0,3.0,0.0,6.0,0.0,0.0,0.0,21.0,0.0,4.0,155.0,14.0,48.0,72.0,43.0,2.0,133.0,10.0,14.0,10.0,0.0,111.0,556.0,352.0,15.0,2.0,1.0,3.0,9.0,98.0,83.0,4.0,6.0,5.0,1.0,0.0,5.0,6.0,58.0,11.0,27.0,22.0,9.0,6.0,1.0,0.0,5.0,7.0,6.0,1.0
Giovanni González,DF,Uruguay,26.0,1994.0,3.0,2.0,117.0,0.0,0.0,0.0,0.0,0.0,0.0,1.0,0.0,20.6,0.0,978.0,354.0,27.0,29.0,23.0,28.0,5.0,10.0,0.0,4.0,2.0,1.0,0.0,0.0,1.0,0.0,5.0,0.0,0.0,0.0,7.0,0.0,2.0,82.0,6.0,28.0,32.0,26.0,1.0,74.0,1.0,2.0,1.0,0.0,51.0,217.0,93.0,6.0,1.0,1.0,0.0,3.0,65.0,56.0,5.0,1.0,0.0,0.0,1.0,1.0,3.0,20.0,7.0,9.0,10.0,1.0,3.0,0.0,0.0,3.0,1.0,3.0,0.0
Nicolás González,FW,Argentina,22.0,1998.0,5.0,4.0,308.0,0.0,0.0,0.0,0.0,1.0,0.0,11.0,5.0,12.6,0.0,585.0,122.0,29.0,43.0,13.0,16.0,1.0,5.0,3.0,1.0,2.0,0.0,0.0,6.0,8.0,1.0,1.0,0.0,0.0,0.0,19.0,13.0,5.0,139.0,7.0,29.0,47.0,73.0,22.0,138.0,3.0,8.0,3.0,0.0,80.0,326.0,166.0,11.0,3.0,4.0,11.0,5.0,116.0,86.0,20.0,4.0,3.0,0.0,3.0,3.0,1.0,41.0,11.0,8.0,19.0,14.0,5.0,1.0,0.0,4.0,6.0,11.0,0.0
Fernando Gorriarán,MF,Uruguay,26.0,1994.0,1.0,0.0,7.0,0.0,0.0,0.0,0.0,0.0,0.0,0.0,0.0,0.0,0.0,211.0,34.0,3.0,3.0,6.0,6.0,2.0,2.0,0.0,2.0,0.0,0.0,0.0,0.0,0.0,0.0,0.0,0.0,0.0,0.0,1.0,0.0,0.0,13.0,1.0,5.0,8.0,1.0,0.0,13.0,0.0,1.0,0.0,0.0,12.0,89.0,36.0,0.0,0.0,0.0,1.0,0.0,11.0,11.0,0.0,1.0,1.0,0.0,0.0,0.0,1.0,6.0,2.0,5.0,1.0,0.0,0.0,0.0,0.0,0.0,0.0,0.0,0.0
Carlos Gruezo,MF,Ecuador,25.0,1995.0,1.0,1.0,45.0,0.0,0.0,0.0,0.0,0.0,0.0,0.0,0.0,0.0,0.0,242.0,97.0,5.0,7.0,9.0,11.0,0.0,0.0,0.0,1.0,0.0,0.0,0.0,0.0,1.0,0.0,0.0,0.0,0.0,0.0,7.0,3.0,0.0,27.0,1.0,10.0,17.0,2.0,0.0,27.0,0.0,0.0,0.0,0.0,14.0,41.0,13.0,1.0,0.0,0.0,1.0,0.0,16.0,14.0,0.0,1.0,1.0,1.0,0.0,0.0,2.0,14.0,3.0,6.0,8.0,0.0,0.0,0.0,0.0,0.0,0.0,3.0,1.0
Luis Haquín,DF,Bolivia,23.0,1997.0,1.0,1.0,90.0,0.0,0.0,0.0,0.0,0.0,0.0,0.0,0.0,0.0,0.0,766.0,328.0,13.0,15.0,20.0,23.0,5.0,8.0,0.0,0.0,0.0,0.0,0.0,1.0,0.0,0.0,0.0,0.0,0.0,0.0,4.0,1.0,0.0,52.0,7.0,40.0,14.0,0.0,0.0,51.0,0.0,0.0,0.0,0.0,44.0,249.0,119.0,0.0,0.0,0.0,0.0,0.0,38.0,38.0,0.0,2.0,3.0,0.0,0.0,1.0,1.0,18.0,6.0,13.0,5.0,0.0,1.0,0.0,0.0,1.0,2.0,2.0,0.0
Ronald Hernández,DF,Venezuela,23.0,1997.0,4.0,1.0,107.0,1.0,0.0,0.0,0.0,1.0,0.0,2.0,2.0,13.7,0.0,670.0,214.0,21.0,22.0,11.0,14.0,5.0,14.0,1.0,1.0,1.0,1.0,0.0,1.0,1.0,1.0,1.0,0.0,0.0,0.0,7.0,1.0,4.0,61.0,2.0,19.0,30.0,17.0,2.0,55.0,0.0,1.0,0.0,0.0,41.0,294.0,184.0,7.0,2.0,0.0,0.0,0.0,47.0,41.0,3.0,1.0,1.0,1.0,0.0,1.0,0.0,8.0,5.0,5.0,3.0,0.0,1.0,0.0,0.0,1.0,2.0,1.0,0.0
Yangel Herrera,MF,Venezuela,23.0,1998.0,1.0,0.0,32.0,0.0,0.0,0.0,0.0,1.0,0.0,0.0,0.0,0.0,0.0,72.0,7.0,2.0,3.0,1.0,3.0,1.0,3.0,0.0,0.0,0.0,0.0,0.0,0.0,0.0,0.0,0.0,0.0,0.0,0.0,3.0,1.0,2.0,10.0,0.0,2.0,7.0,1.0,0.0,10.0,0.0,0.0,0.0,0.0,6.0,8.0,5.0,0.0,0.0,0.0,1.0,0.0,9.0,7.0,1.0,0.0,0.0,0.0,0.0,0.0,1.0,5.0,0.0,2.0,2.0,1.0,0.0,0.0,0.0,0.0,0.0,0.0,0.0
Piero Hincapié,DF,Ecuador,19.0,2002.0,5.0,5.0,449.0,0.0,0.0,0.0,0.0,1.0,1.0,4.0,0.0,16.1,0.0,4442.0,1781.0,69.0,77.0,90.0,96.0,41.0,62.0,1.0,29.0,5.0,0.0,0.0,9.0,6.0,1.0,1.0,0.0,0.0,0.0,39.0,18.0,7.0,307.0,32.0,155.0,159.0,28.0,5.0,300.0,3.0,5.0,3.0,0.0,206.0,1481.0,898.0,26.0,8.0,1.0,3.0,1.0,205.0,199.0,2.0,7.0,8.0,3.0,0.0,4.0,2.0,58.0,22.0,33.0,20.0,5.0,6.0,4.0,0.0,2.0,10.0,28.0,1.0
Luis Iberico,FW,Peru,22.0,1998.0,2.0,0.0,25.0,0.0,0.0,0.0,0.0,0.0,0.0,0.0,0.0,0.0,0.0,76.0,22.0,2.0,3.0,2.0,2.0,0.0,0.0,0.0,0.0,0.0,0.0,0.0,2.0,0.0,0.0,0.0,0.0,0.0,0.0,3.0,1.0,0.0,11.0,2.0,4.0,4.0,3.0,0.0,11.0,0.0,0.0,0.0,0.0,5.0,16.0,7.0,0.0,0.0,0.0,1.0,0.0,8.0,5.0,1.0,1.0,0.0,1.0,0.0,0.0,0.0,11.0,3.0,5.0,5.0,1.0,0.0,0.0,0.0,0.0,0.0,2.0,0.0
Mauricio Isla,DF,Chile,32.0,1988.0,5.0,5.0,450.0,0.0,0.0,0.0,0.0,1.0,0.0,1.0,0.0,23.8,0.0,4540.0,1660.0,101.0,111.0,101.0,114.0,31.0,40.0,4.0,18.0,8.0,3.0,0.0,2.0,4.0,2.0,10.0,0.0,0.0,0.0,35.0,4.0,7.0,304.0,18.0,80.0,124.0,116.0,6.0,276.0,1.0,4.0,1.0,0.0,215.0,816.0,412.0,17.0,8.0,1.0,3.0,3.0,247.0,215.0,12.0,3.0,4.0,1.0,0.0,3.0,2.0,36.0,14.0,14.0,12.0,10.0,3.0,0.0,0.0,3.0,5.0,8.0,0.0
Gabriel Jesus,FW,Brazil,23.0,1997.0,4.0,4.0,278.0,0.0,1.0,0.0,0.0,1.0,1.0,2.0,0.0,18.5,0.0,1393.0,288.0,58.0,69.0,28.0,32.0,5.0,6.0,5.0,4.0,5.0,1.0,0.0,9.0,6.0,0.0,6.0,0.0,0.0,0.0,23.0,4.0,5.0,148.0,1.0,16.0,58.0,85.0,15.0,142.0,5.0,7.0,5.0,1.0,112.0,517.0,248.0,14.0,5.0,2.0,7.0,7.0,137.0,103.0,29.0,2.0,0.0,3.0,1.0,0.0,2.0,56.0,13.0,15.0,31.0,10.0,2.0,0.0,0.0,2.0,6.0,1.0,0.0
Vinicius Júnior,FW,Brazil,20.0,2000.0,4.0,0.0,68.0,0.0,0.0,0.0,0.0,1.0,0.0,1.0,0.0,8.2,0.0,200.0,74.0,14.0,18.0,3.0,3.0,0.0,0.0,1.0,0.0,3.0,0.0,0.0,3.0,3.0,0.0,0.0,0.0,0.0,0.0,4.0,0.0,0.0,38.0,0.0,3.0,10.0,27.0,4.0,37.0,1.0,6.0,1.0,0.0,30.0,129.0,89.0,4.0,1.0,0.0,3.0,0.0,34.0,29.0,5.0,2.0,1.0,1.0,0.0,1.0,1.0,17.0,6.0,3.0,3.0,11.0,2.0,0.0,0.0,2.0,0.0,0.0,0.0
Adrian Jusino,DF,Bolivia,28.0,1992.0,4.0,4.0,360.0,0.0,0.0,0.0,0.0,0.0,0.0,1.0,1.0,19.8,0.0,1866.0,538.0,28.0,31.0,42.0,42.0,16.0,22.0,0.0,1.0,0.0,0.0,0.0,0.0,1.0,0.0,0.0,0.0,0.0,0.0,14.0,6.0,7.0,140.0,48.0,106.0,37.0,4.0,3.0,136.0,0.0,0.0,0.0,0.0,78.0,351.0,187.0,4.0,0.0,0.0,0.0,2.0,80.0,77.0,0.0,3.0,3.0,0.0,0.0,0.0,6.0,34.0,12.0,24.0,9.0,1.0,7.0,3.0,0.0,4.0,5.0,26.0,0.0
Leonel Justiniano,MF,Bolivia,28.0,1992.0,4.0,4.0,343.0,0.0,1.0,0.0,0.0,0.0,0.0,0.0,0.0,0.0,0.0,2236.0,674.0,51.0,52.0,53.0,56.0,14.0,18.0,4.0,12.0,2.0,0.0,0.0,9.0,2.0,0.0,2.0,0.0,0.0,0.0,25.0,5.0,3.0,159.0,11.0,49.0,101.0,29.0,1.0,158.0,3.0,4.0,3.0,0.0,125.0,770.0,405.0,14.0,7.0,1.0,0.0,4.0,113.0,104.0,3.0,4.0,2.0,3.0,1.0,1.0,14.0,91.0,22.0,40.0,41.0,10.0,8.0,2.0,0.0,6.0,8.0,5.0,0.0
Kaku,MF,Paraguay,26.0,1995.0,2.0,2.0,151.0,1.0,0.0,0.0,0.0,0.0,0.0,5.0,2.0,17.6,0.0,1939.0,579.0,42.0,46.0,49.0,57.0,12.0,17.0,11.0,9.0,7.0,3.0,0.0,0.0,0.0,0.0,5.0,0.0,0.0,0.0,10.0,0.0,0.0,132.0,1.0,9.0,46.0,80.0,9.0,122.0,5.0,5.0,5.0,0.0,104.0,422.0,235.0,15.0,0.0,3.0,1.0,2.0,112.0,107.0,4.0,3.0,0.0,1.0,2.0,1.0,1.0,21.0,6.0,4.0,12.0,5.0,0.0,0.0,0.0,0.0,1.0,0.0,0.0
Francisco La Mantía,DF,Venezuela,24.0,1996.0,2.0,2.0,180.0,0.0,0.0,0.0,0.0,1.0,0.0,0.0,0.0,0.0,0.0,1141.0,268.0,17.0,19.0,24.0,24.0,11.0,18.0,0.0,0.0,0.0,0.0,0.0,1.0,1.0,0.0,0.0,0.0,0.0,0.0,4.0,2.0,2.0,80.0,20.0,59.0,22.0,2.0,1.0,76.0,0.0,0.0,0.0,0.0,50.0,229.0,95.0,0.0,0.0,0.0,0.0,0.0,52.0,51.0,0.0,0.0,1.0,0.0,0.0,0.0,3.0,14.0,3.0,13.0,1.0,0.0,4.0,3.0,0.0,1.0,4.0,12.0,0.0
Gianluca Lapadula,FW,Peru,30.0,1990.0,7.0,7.0,607.0,3.0,1.0,0.0,0.0,0.0,0.0,15.0,6.0,17.9,0.0,1042.0,119.0,41.0,55.0,27.0,31.0,3.0,6.0,4.0,4.0,3.0,0.0,0.0,11.0,12.0,5.0,1.0,0.0,0.0,0.0,13.0,10.0,25.0,165.0,9.0,13.0,67.0,87.0,26.0,148.0,4.0,7.0,4.0,1.0,89.0,313.0,131.0,8.0,2.0,2.0,14.0,7.0,244.0,111.0,50.0,2.0,1.0,3.0,0.0,0.0,5.0,79.0,13.0,2.0,32.0,45.0,6.0,1.0,0.0,5.0,2.0,6.0,0.0
Giovani Lo Celso,MF,Argentina,24.0,1996.0,6.0,5.0,331.0,0.0,0.0,0.0,0.0,3.0,0.0,1.0,0.0,23.1,0.0,2019.0,410.0,67.0,71.0,49.0,55.0,7.0,8.0,4.0,6.0,4.0,0.0,0.0,7.0,9.0,1.0,1.0,0.0,0.0,0.0,25.0,0.0,3.0,176.0,3.0,19.0,112.0,62.0,2.0,176.0,7.0,7.0,7.0,1.0,135.0,773.0,510.0,21.0,13.0,1.0,2.0,4.0,156.0,130.0,6.0,1.0,0.0,3.0,1.0,1.0,3.0,60.0,15.0,13.0,38.0,9.0,4.0,0.0,0.0,4.0,4.0,2.0,0.0
Renan Lodi,DF,Brazil,22.0,1998.0,7.0,5.0,384.0,0.0,1.0,0.0,0.0,2.0,0.0,1.0,0.0,10.0,0.0,3544.0,892.0,96.0,103.0,101.0,111.0,11.0,22.0,3.0,4.0,7.0,3.0,0.0,10.0,8.0,0.0,12.0,0.0,0.0,0.0,26.0,3.0,5.0,292.0,12.0,94.0,113.0,99.0,5.0,252.0,5.0,5.0,5.0,0.0,178.0,862.0,436.0,24.0,8.0,1.0,3.0,4.0,198.0,183.0,12.0,6.0,4.0,3.0,1.0,4.0,4.0,60.0,23.0,24.0,17.0,19.0,8.0,0.0,0.0,8.0,8.0,11.0,1.0
Marcos López,DF,Peru,21.0,1999.0,4.0,3.0,315.0,0.0,0.0,0.0,0.0,1.0,0.0,0.0,0.0,0.0,0.0,2389.0,793.0,70.0,73.0,61.0,65.0,10.0,17.0,3.0,0.0,2.0,2.0,0.0,5.0,6.0,0.0,4.0,0.0,0.0,0.0,11.0,5.0,1.0,193.0,15.0,62.0,104.0,36.0,0.0,165.0,1.0,2.0,1.0,0.0,109.0,565.0,326.0,11.0,5.0,0.0,4.0,0.0,130.0,117.0,4.0,2.0,1.0,2.0,1.0,0.0,1.0,39.0,11.0,16.0,18.0,5.0,4.0,0.0,0.0,4.0,12.0,10.0,0.0
Jhilmar Lora,DF,Peru,20.0,2000.0,3.0,0.0,60.0,0.0,0.0,0.0,0.0,0.0,0.0,0.0,0.0,0.0,0.0,219.0,84.0,9.0,9.0,5.0,6.0,0.0,0.0,0.0,1.0,0.0,0.0,0.0,0.0,2.0,0.0,1.0,0.0,0.0,0.0,3.0,0.0,0.0,24.0,0.0,6.0,12.0,8.0,1.0,21.0,1.0,2.0,1.0,0.0,17.0,61.0,41.0,1.0,0.0,0.0,3.0,1.0,16.0,13.0,2.0,1.0,0.0,2.0,0.0,1.0,1.0,10.0,2.0,6.0,2.0,2.0,1.0,0.0,0.0,1.0,1.0,0.0,0.0
Douglas Luiz,MF,Brazil,22.0,1998.0,2.0,1.0,63.0,0.0,0.0,0.0,0.0,0.0,0.0,0.0,0.0,0.0,0.0,872.0,181.0,16.0,17.0,23.0,23.0,6.0,7.0,1.0,8.0,0.0,0.0,0.0,1.0,1.0,0.0,0.0,0.0,0.0,0.0,6.0,1.0,1.0,53.0,2.0,18.0,33.0,10.0,1.0,53.0,0.0,0.0,0.0,0.0,40.0,203.0,105.0,4.0,1.0,0.0,0.0,2.0,43.0,43.0,1.0,1.0,1.0,0.0,0.0,1.0,0.0,7.0,3.0,3.0,3.0,1.0,0.0,0.0,0.0,0.0,0.0,3.0,0.0
Luis Mago,DF,Venezuela,26.0,1994.0,4.0,4.0,360.0,0.0,0.0,0.0,0.0,1.0,0.0,4.0,1.0,19.0,0.0,2166.0,732.0,33.0,36.0,49.0,51.0,18.0,33.0,1.0,9.0,0.0,0.0,0.0,3.0,2.0,0.0,0.0,0.0,0.0,0.0,20.0,11.0,7.0,170.0,29.0,100.0,71.0,9.0,6.0,165.0,0.0,0.0,0.0,0.0,96.0,549.0,321.0,9.0,2.0,0.0,2.0,0.0,100.0,98.0,0.0,6.0,9.0,1.0,0.0,5.0,8.0,51.0,16.0,40.0,9.0,2.0,6.0,2.0,0.0,4.0,9.0,21.0,0.0
José Manuel Velázquez,DF,Venezuela,30.0,1990.0,1.0,1.0,90.0,0.0,0.0,0.0,0.0,0.0,0.0,0.0,0.0,0.0,0.0,259.0,55.0,5.0,5.0,5.0,6.0,2.0,5.0,0.0,0.0,0.0,0.0,0.0,0.0,0.0,0.0,0.0,0.0,0.0,0.0,1.0,1.0,1.0,23.0,3.0,15.0,9.0,0.0,0.0,22.0,0.0,0.0,0.0,0.0,13.0,43.0,28.0,1.0,0.0,0.0,0.0,0.0,13.0,13.0,0.0,0.0,0.0,0.0,0.0,0.0,1.0,3.0,2.0,3.0,0.0,0.0,2.0,1.0,0.0,1.0,1.0,5.0,0.0
Bernaldo Manzano,MF,Venezuela,30.0,1990.0,3.0,2.0,143.0,0.0,0.0,0.0,0.0,1.0,0.0,0.0,0.0,0.0,0.0,1436.0,224.0,24.0,28.0,25.0,27.0,15.0,15.0,0.0,5.0,0.0,0.0,0.0,4.0,2.0,0.0,0.0,0.0,0.0,0.0,15.0,3.0,2.0,78.0,3.0,23.0,54.0,7.0,0.0,76.0,2.0,2.0,2.0,0.0,58.0,192.0,70.0,3.0,0.0,0.0,0.0,1.0,58.0,54.0,1.0,1.0,0.0,1.0,0.0,1.0,1.0,30.0,5.0,16.0,12.0,2.0,1.0,1.0,0.0,0.0,0.0,4.0,0.0
José María Giménez,DF,Uruguay,26.0,1995.0,5.0,5.0,450.0,0.0,0.0,0.0,0.0,0.0,0.0,1.0,0.0,9.0,0.0,5396.0,1658.0,67.0,70.0,139.0,146.0,44.0,54.0,0.0,28.0,0.0,0.0,0.0,8.0,6.0,0.0,0.0,0.0,0.0,0.0,34.0,12.0,7.0,334.0,34.0,162.0,176.0,16.0,1.0,327.0,1.0,1.0,1.0,0.0,213.0,1042.0,582.0,16.0,5.0,0.0,1.0,0.0,229.0,227.0,0.0,4.0,8.0,1.0,0.0,2.0,8.0,62.0,18.0,36.0,23.0,3.0,14.0,3.0,0.0,11.0,10.0,25.0,0.0
Guillermo Maripán,DF,Chile,26.0,1994.0,3.0,3.0,217.0,0.0,0.0,0.0,0.0,1.0,0.0,1.0,1.0,11.0,0.0,2063.0,611.0,21.0,24.0,60.0,70.0,14.0,20.0,0.0,7.0,0.0,0.0,0.0,3.0,0.0,0.0,0.0,0.0,0.0,0.0,19.0,5.0,0.0,140.0,19.0,78.0,67.0,3.0,1.0,139.0,1.0,3.0,2.0,0.0,95.0,502.0,297.0,8.0,1.0,0.0,1.0,1.0,97.0,95.0,0.0,1.0,3.0,0.0,0.0,1.0,2.0,25.0,4.0,19.0,4.0,2.0,4.0,3.0,0.0,1.0,4.0,7.0,0.0
Marquinhos,DF,Brazil,26.0,1994.0,6.0,6.0,540.0,1.0,0.0,0.0,0.0,1.0,0.0,1.0,1.0,4.0,0.0,7161.0,2367.0,75.0,77.0,195.0,201.0,53.0,69.0,0.0,27.0,1.0,0.0,0.0,4.0,4.0,0.0,1.0,0.0,0.0,0.0,37.0,11.0,8.0,387.0,50.0,204.0,195.0,9.0,1.0,379.0,1.0,1.0,1.0,0.0,296.0,1707.0,940.0,24.0,2.0,0.0,1.0,0.0,317.0,311.0,0.0,4.0,2.0,2.0,0.0,0.0,5.0,32.0,11.0,21.0,9.0,2.0,4.0,2.0,0.0,2.0,0.0,20.0,0.0
Lucas Martínez Quarta,DF,Argentina,24.0,1996.0,1.0,1.0,90.0,0.0,0.0,0.0,0.0,1.0,0.0,0.0,0.0,0.0,0.0,938.0,240.0,7.0,8.0,29.0,33.0,5.0,8.0,0.0,3.0,0.0,0.0,0.0,2.0,0.0,0.0,0.0,0.0,0.0,0.0,5.0,4.0,3.0,56.0,8.0,23.0,34.0,2.0,0.0,54.0,0.0,1.0,0.0,0.0,39.0,265.0,93.0,3.0,1.0,0.0,0.0,0.0,43.0,41.0,0.0,1.0,2.0,0.0,0.0,0.0,0.0,8.0,2.0,3.0,5.0,0.0,0.0,0.0,0.0,0.0,0.0,5.0,0.0
Adrián Martínez,DF,Venezuela,27.0,1993.0,3.0,3.0,270.0,0.0,0.0,0.0,0.0,0.0,0.0,2.0,0.0,9.0,0.0,1427.0,723.0,25.0,28.0,39.0,46.0,8.0,11.0,0.0,3.0,1.0,0.0,0.0,3.0,3.0,0.0,0.0,0.0,0.0,0.0,12.0,6.0,0.0,128.0,33.0,85.0,47.0,2.0,2.0,122.0,1.0,2.0,1.0,0.0,72.0,319.0,200.0,3.0,0.0,0.0,0.0,2.0,70.0,67.0,0.0,4.0,4.0,3.0,0.0,3.0,1.0,28.0,12.0,21.0,5.0,2.0,7.0,3.0,0.0,4.0,9.0,21.0,1.0
Fidel Martínez,MF,Ecuador,30.0,1990.0,3.0,1.0,62.0,0.0,0.0,0.0,0.0,0.0,0.0,0.0,0.0,0.0,0.0,217.0,55.0,11.0,16.0,4.0,6.0,0.0,7.0,2.0,2.0,1.0,1.0,0.0,1.0,2.0,0.0,4.0,0.0,0.0,0.0,4.0,1.0,3.0,40.0,0.0,4.0,17.0,21.0,2.0,34.0,2.0,2.0,2.0,0.0,25.0,130.0,44.0,4.0,0.0,0.0,0.0,2.0,43.0,22.0,3.0,1.0,1.0,0.0,1.0,0.0,0.0,20.0,6.0,2.0,11.0,7.0,1.0,0.0,0.0,1.0,0.0,0.0,0.0
Lautaro Martínez,FW,Argentina,23.0,1997.0,6.0,5.0,445.0,3.0,0.0,0.0,0.0,1.0,0.0,15.0,6.0,12.0,0.0,555.0,22.0,25.0,27.0,12.0,19.0,2.0,6.0,1.0,2.0,0.0,0.0,0.0,13.0,8.0,1.0,1.0,0.0,0.0,0.0,18.0,7.0,11.0,129.0,7.0,18.0,54.0,61.0,20.0,123.0,8.0,9.0,9.0,1.0,76.0,185.0,85.0,3.0,0.0,1.0,10.0,11.0,135.0,75.0,19.0,3.0,1.0,2.0,2.0,3.0,3.0,88.0,15.0,3.0,41.0,44.0,5.0,1.0,0.0,4.0,5.0,5.0,0.0
Lisandro Martínez,DF,Argentina,23.0,1998.0,1.0,1.0,90.0,0.0,0.0,0.0,0.0,0.0,0.0,1.0,1.0,4.2,0.0,1723.0,488.0,29.0,32.0,50.0,50.0,10.0,12.0,0.0,1.0,0.0,0.0,0.0,0.0,1.0,0.0,0.0,0.0,0.0,0.0,4.0,4.0,0.0,107.0,12.0,52.0,58.0,6.0,1.0,105.0,1.0,1.0,1.0,0.0,77.0,387.0,186.0,8.0,2.0,0.0,0.0,0.0,88.0,88.0,0.0,0.0,0.0,0.0,0.0,0.0,0.0,7.0,6.0,5.0,1.0,1.0,0.0,0.0,0.0,0.0,3.0,9.0,0.0
Marcelo Martins Moreno,FW,Bolivia,33.0,1987.0,1.0,0.0,30.0,0.0,0.0,0.0,0.0,0.0,0.0,0.0,0.0,0.0,0.0,128.0,9.0,4.0,4.0,4.0,4.0,0.0,0.0,0.0,0.0,0.0,0.0,0.0,0.0,0.0,1.0,0.0,0.0,0.0,0.0,3.0,0.0,1.0,10.0,0.0,3.0,4.0,3.0,0.0,9.0,0.0,0.0,0.0,0.0,7.0,31.0,19.0,1.0,0.0,0.0,1.0,1.0,13.0,6.0,3.0,0.0,0.0,0.0,0.0,0.0,0.0,6.0,1.0,1.0,2.0,3.0,0.0,0.0,0.0,0.0,0.0,0.0,0.0
Gary Medel,DF,Chile,33.0,1987.0,5.0,5.0,420.0,0.0,0.0,0.0,0.0,1.0,0.0,0.0,0.0,0.0,0.0,5758.0,1576.0,64.0,67.0,160.0,165.0,41.0,46.0,1.0,12.0,1.0,0.0,0.0,3.0,3.0,0.0,0.0,0.0,1.0,0.0,30.0,2.0,6.0,323.0,40.0,185.0,155.0,8.0,0.0,309.0,0.0,2.0,0.0,1.0,234.0,1124.0,560.0,8.0,3.0,0.0,0.0,1.0,239.0,235.0,0.0,4.0,4.0,0.0,0.0,1.0,3.0,27.0,14.0,18.0,9.0,0.0,9.0,6.0,0.0,3.0,12.0,16.0,0.0
Stefan Medina,DF,Colombia,28.0,1992.0,2.0,2.0,170.0,0.0,0.0,0.0,0.0,0.0,0.0,1.0,1.0,12.5,0.0,1362.0,564.0,39.0,41.0,33.0,38.0,7.0,13.0,1.0,11.0,1.0,0.0,0.0,6.0,1.0,0.0,2.0,0.0,0.0,0.0,13.0,6.0,0.0,117.0,7.0,31.0,60.0,31.0,2.0,101.0,3.0,4.0,3.0,0.0,79.0,265.0,158.0,10.0,3.0,0.0,1.0,1.0,78.0,71.0,2.0,3.0,1.0,3.0,1.0,1.0,1.0,34.0,9.0,7.0,21.0,6.0,4.0,0.0,0.0,4.0,0.0,6.0,0.0
Ángel Mena,MF,Ecuador,33.0,1988.0,5.0,2.0,290.0,1.0,0.0,0.0,0.0,0.0,0.0,3.0,2.0,22.4,1.0,2277.0,523.0,83.0,83.0,44.0,48.0,14.0,21.0,4.0,9.0,6.0,1.0,0.0,3.0,11.0,0.0,7.0,0.0,0.0,0.0,19.0,2.0,5.0,198.0,2.0,14.0,91.0,107.0,8.0,187.0,6.0,11.0,6.0,0.0,158.0,779.0,433.0,21.0,8.0,1.0,5.0,6.0,177.0,151.0,18.0,3.0,1.0,2.0,1.0,0.0,4.0,44.0,15.0,7.0,15.0,22.0,2.0,0.0,0.0,2.0,5.0,1.0,0.0
Eugenio Mena,DF,Chile,32.0,1988.0,5.0,5.0,450.0,0.0,0.0,0.0,0.0,0.0,0.0,3.0,2.0,12.6,0.0,3598.0,1104.0,102.0,108.0,101.0,130.0,13.0,24.0,2.0,7.0,6.0,3.0,0.0,7.0,5.0,2.0,15.0,0.0,0.0,0.0,25.0,3.0,12.0,322.0,9.0,87.0,127.0,123.0,9.0,281.0,6.0,6.0,6.0,1.0,213.0,983.0,467.0,18.0,2.0,2.0,9.0,4.0,244.0,216.0,20.0,5.0,6.0,1.0,2.0,3.0,8.0,94.0,34.0,48.0,32.0,14.0,7.0,0.0,0.0,7.0,10.0,4.0,0.0
Jhegson Méndez,MF,Ecuador,23.0,1997.0,5.0,5.0,416.0,0.0,0.0,0.0,0.0,0.0,0.0,3.0,2.0,27.7,0.0,5081.0,1417.0,97.0,105.0,126.0,129.0,36.0,50.0,0.0,23.0,2.0,0.0,0.0,7.0,1.0,0.0,0.0,0.0,0.0,0.0,34.0,3.0,5.0,323.0,15.0,102.0,198.0,39.0,0.0,316.0,2.0,5.0,2.0,1.0,249.0,1009.0,392.0,14.0,3.0,0.0,1.0,3.0,254.0,246.0,1.0,9.0,7.0,7.0,0.0,8.0,7.0,82.0,26.0,33.0,46.0,3.0,4.0,0.0,0.0,4.0,5.0,11.0,0.0
Jean Meneses,FW,Chile,27.0,1993.0,5.0,2.0,248.0,0.0,0.0,0.0,0.0,0.0,0.0,7.0,3.0,19.9,0.0,1621.0,311.0,46.0,51.0,36.0,43.0,9.0,13.0,4.0,8.0,4.0,1.0,0.0,3.0,2.0,2.0,6.0,0.0,0.0,0.0,16.0,1.0,8.0,152.0,2.0,21.0,59.0,88.0,10.0,143.0,4.0,11.0,5.0,0.0,127.0,894.0,607.0,27.0,9.0,2.0,7.0,6.0,142.0,115.0,22.0,2.0,2.0,0.0,1.0,3.0,2.0,34.0,7.0,13.0,15.0,6.0,2.0,0.0,0.0,2.0,2.0,2.0,0.0
Lionel Messi,FW,Argentina,33.0,1987.0,7.0,7.0,660.0,4.0,5.0,1.0,1.0,0.0,0.0,25.0,9.0,21.7,8.0,4417.0,1525.0,117.0,139.0,88.0,107.0,33.0,51.0,22.0,31.0,11.0,1.0,0.0,4.0,29.0,3.0,19.0,0.0,0.0,0.0,46.0,1.0,8.0,432.0,1.0,27.0,193.0,254.0,36.0,389.0,33.0,47.0,36.0,0.0,354.0,2085.0,1306.0,71.0,25.0,12.0,13.0,27.0,378.0,321.0,32.0,6.0,1.0,4.0,3.0,3.0,6.0,93.0,27.0,13.0,37.0,43.0,3.0,1.0,0.0,2.0,3.0,0.0,0.0
Éder Militão,DF,Brazil,23.0,1998.0,5.0,3.0,277.0,1.0,0.0,0.0,0.0,0.0,0.0,3.0,1.0,10.0,0.0,4303.0,1178.0,33.0,35.0,127.0,129.0,29.0,36.0,1.0,12.0,2.0,0.0,0.0,2.0,3.0,0.0,0.0,0.0,0.0,0.0,10.0,8.0,2.0,228.0,20.0,126.0,112.0,8.0,3.0,222.0,0.0,0.0,0.0,0.0,167.0,1126.0,583.0,8.0,1.0,0.0,0.0,0.0,192.0,187.0,0.0,1.0,1.0,1.0,0.0,0.0,3.0,16.0,10.0,9.0,6.0,1.0,0.0,0.0,0.0,0.0,6.0,15.0,0.0
Yerry Mina,DF,Colombia,26.0,1994.0,7.0,7.0,624.0,0.0,0.0,0.0,0.0,0.0,0.0,8.0,2.0,10.3,0.0,5409.0,1487.0,73.0,74.0,135.0,139.0,44.0,62.0,0.0,7.0,0.0,0.0,0.0,15.0,4.0,3.0,0.0,0.0,0.0,1.0,48.0,32.0,4.0,355.0,67.0,216.0,144.0,18.0,15.0,342.0,0.0,0.0,0.0,0.0,212.0,1260.0,730.0,13.0,0.0,0.0,5.0,0.0,230.0,224.0,3.0,2.0,4.0,0.0,1.0,0.0,3.0,55.0,14.0,35.0,16.0,4.0,11.0,8.0,0.0,3.0,8.0,43.0,0.0
Nahuel Molina,DF,Argentina,23.0,1997.0,5.0,4.0,321.0,0.0,0.0,0.0,0.0,0.0,0.0,1.0,1.0,18.8,0.0,1777.0,747.0,78.0,83.0,38.0,44.0,5.0,15.0,0.0,5.0,0.0,0.0,0.0,3.0,3.0,0.0,1.0,0.0,0.0,0.0,23.0,1.0,1.0,191.0,12.0,76.0,81.0,48.0,3.0,160.0,2.0,6.0,2.0,0.0,97.0,386.0,183.0,6.0,5.0,1.0,1.0,6.0,112.0,101.0,7.0,2.0,3.0,1.0,1.0,2.0,5.0,43.0,10.0,20.0,18.0,5.0,11.0,2.0,0.0,9.0,7.0,11.0,0.0
Gonzalo Montiel,DF,Argentina,24.0,1997.0,4.0,3.0,339.0,0.0,0.0,0.0,0.0,2.0,0.0,1.0,0.0,8.1,0.0,2433.0,735.0,64.0,70.0,63.0,72.0,12.0,20.0,2.0,3.0,0.0,0.0,0.0,9.0,2.0,0.0,2.0,0.0,0.0,0.0,21.0,2.0,1.0,196.0,13.0,70.0,84.0,48.0,3.0,174.0,0.0,0.0,0.0,0.0,110.0,352.0,161.0,6.0,2.0,0.0,1.0,1.0,128.0,118.0,4.0,4.0,7.0,2.0,0.0,5.0,5.0,48.0,19.0,18.0,22.0,8.0,5.0,2.0,0.0,3.0,8.0,10.0,0.0
Alfredo Morelos,FW,Colombia,24.0,1996.0,1.0,0.0,10.0,0.0,0.0,0.0,0.0,0.0,0.0,0.0,0.0,0.0,0.0,116.0,33.0,1.0,1.0,5.0,6.0,0.0,0.0,0.0,0.0,1.0,0.0,0.0,0.0,0.0,0.0,0.0,0.0,0.0,0.0,1.0,0.0,0.0,7.0,0.0,1.0,2.0,4.0,0.0,7.0,0.0,0.0,0.0,0.0,6.0,19.0,9.0,1.0,0.0,0.0,0.0,0.0,8.0,6.0,1.0,0.0,0.0,0.0,0.0,0.0,0.0,2.0,0.0,0.0,0.0,2.0,0.0,0.0,0.0,0.0,0.0,0.0,0.0
Junior Moreno,MF,Venezuela,27.0,1993.0,4.0,4.0,351.0,0.0,0.0,0.0,0.0,0.0,0.0,0.0,0.0,0.0,0.0,3286.0,767.0,66.0,71.0,67.0,73.0,26.0,35.0,0.0,17.0,0.0,0.0,0.0,3.0,4.0,0.0,1.0,0.0,0.0,0.0,44.0,4.0,4.0,217.0,9.0,67.0,140.0,22.0,2.0,213.0,0.0,1.0,0.0,0.0,145.0,571.0,296.0,13.0,4.0,0.0,1.0,3.0,157.0,145.0,1.0,6.0,1.0,5.0,0.0,2.0,3.0,70.0,23.0,20.0,40.0,10.0,6.0,2.0,0.0,4.0,2.0,8.0,0.0
Yairo Moreno,DF,Colombia,25.0,1995.0,1.0,1.0,44.0,0.0,0.0,0.0,0.0,0.0,0.0,0.0,0.0,0.0,0.0,251.0,47.0,6.0,7.0,8.0,9.0,0.0,0.0,0.0,0.0,0.0,0.0,0.0,1.0,1.0,0.0,0.0,0.0,0.0,0.0,1.0,0.0,1.0,29.0,0.0,14.0,12.0,5.0,1.0,28.0,2.0,4.0,2.0,0.0,21.0,55.0,24.0,1.0,0.0,0.0,1.0,1.0,21.0,19.0,1.0,1.0,4.0,0.0,0.0,2.0,0.0,11.0,2.0,5.0,4.0,2.0,2.0,0.0,0.0,2.0,1.0,0.0,0.0
Daniel Muñoz,DF,Colombia,24.0,1996.0,5.0,5.0,480.0,0.0,0.0,0.0,0.0,2.0,0.0,3.0,0.0,17.7,0.0,3238.0,828.0,100.0,109.0,76.0,95.0,16.0,24.0,1.0,10.0,3.0,0.0,0.0,17.0,4.0,0.0,6.0,0.0,0.0,0.0,37.0,14.0,9.0,308.0,26.0,122.0,137.0,62.0,7.0,270.0,5.0,6.0,5.0,0.0,168.0,614.0,310.0,10.0,4.0,0.0,0.0,4.0,181.0,164.0,9.0,8.0,11.0,2.0,0.0,3.0,3.0,87.0,29.0,47.0,34.0,6.0,11.0,1.0,0.0,10.0,9.0,21.0,1.0
Luis Muriel,FW,Colombia,29.0,1991.0,4.0,2.0,158.0,0.0,1.0,0.0,0.0,0.0,0.0,6.0,1.0,15.4,1.0,1097.0,248.0,19.0,23.0,18.0,23.0,14.0,18.0,5.0,3.0,2.0,0.0,0.0,2.0,2.0,0.0,2.0,0.0,0.0,0.0,16.0,4.0,2.0,93.0,0.0,7.0,33.0,60.0,13.0,85.0,4.0,7.0,4.0,0.0,72.0,427.0,259.0,14.0,2.0,2.0,5.0,7.0,83.0,64.0,24.0,2.0,0.0,0.0,3.0,1.0,0.0,39.0,8.0,4.0,16.0,19.0,0.0,0.0,0.0,0.0,0.0,1.0,0.0
Óscar Murillo,DF,Colombia,32.0,1988.0,3.0,2.0,172.0,0.0,0.0,0.0,0.0,1.0,0.0,2.0,0.0,13.5,0.0,953.0,455.0,12.0,12.0,25.0,26.0,7.0,10.0,0.0,2.0,0.0,0.0,0.0,1.0,0.0,0.0,0.0,0.0,0.0,0.0,5.0,5.0,2.0,70.0,10.0,46.0,24.0,3.0,3.0,69.0,1.0,1.0,1.0,0.0,40.0,155.0,66.0,0.0,0.0,0.0,0.0,1.0,45.0,44.0,0.0,2.0,3.0,2.0,0.0,2.0,1.0,24.0,6.0,14.0,9.0,1.0,1.0,1.0,0.0,0.0,2.0,11.0,0.0
Nahitan Nández,DF,Uruguay,25.0,1995.0,5.0,3.0,357.0,0.0,0.0,0.0,0.0,0.0,0.0,1.0,1.0,21.2,0.0,2733.0,1174.0,85.0,93.0,56.0,69.0,16.0,30.0,1.0,8.0,3.0,1.0,0.0,7.0,6.0,3.0,15.0,1.0,0.0,0.0,28.0,6.0,7.0,260.0,12.0,54.0,102.0,124.0,12.0,225.0,12.0,15.0,13.0,0.0,178.0,974.0,610.0,32.0,9.0,6.0,6.0,7.0,187.0,158.0,14.0,7.0,7.0,3.0,3.0,5.0,8.0,72.0,26.0,31.0,27.0,14.0,8.0,0.0,0.0,8.0,6.0,6.0,0.0
Neymar,FW,Brazil,28.0,1992.0,6.0,6.0,540.0,2.0,3.0,1.0,1.0,1.0,0.0,22.0,6.0,18.1,5.0,3878.0,1277.0,116.0,132.0,67.0,92.0,32.0,63.0,20.0,27.0,16.0,1.0,0.0,11.0,35.0,2.0,16.0,0.0,0.0,0.0,38.0,6.0,8.0,438.0,0.0,17.0,201.0,273.0,39.0,389.0,30.0,59.0,35.0,7.0,337.0,2032.0,1233.0,57.0,24.0,6.0,23.0,26.0,423.0,339.0,71.0,2.0,0.0,1.0,2.0,0.0,2.0,77.0,28.0,9.0,32.0,36.0,1.0,0.0,0.0,1.0,3.0,1.0,0.0
Christian Noboa,MF,Ecuador,35.0,1985.0,2.0,0.0,34.0,0.0,0.0,0.0,0.0,0.0,0.0,1.0,0.0,10.0,0.0,683.0,171.0,14.0,18.0,15.0,15.0,5.0,7.0,0.0,4.0,1.0,0.0,0.0,1.0,0.0,0.0,0.0,0.0,0.0,0.0,7.0,2.0,0.0,50.0,1.0,9.0,34.0,7.0,1.0,47.0,0.0,2.0,0.0,0.0,30.0,93.0,46.0,2.0,0.0,0.0,0.0,0.0,31.0,31.0,0.0,3.0,1.0,3.0,0.0,1.0,1.0,13.0,4.0,2.0,10.0,1.0,1.0,0.0,0.0,1.0,0.0,2.0,0.0
Brian Ocampo,MF,Uruguay,21.0,1999.0,1.0,0.0,26.0,0.0,0.0,0.0,0.0,1.0,0.0,0.0,0.0,0.0,0.0,50.0,8.0,2.0,4.0,1.0,1.0,0.0,3.0,0.0,0.0,0.0,0.0,0.0,3.0,0.0,0.0,0.0,0.0,0.0,0.0,0.0,0.0,1.0,13.0,0.0,2.0,3.0,9.0,0.0,11.0,0.0,1.0,0.0,0.0,7.0,76.0,46.0,2.0,1.0,0.0,1.0,1.0,10.0,8.0,3.0,0.0,2.0,0.0,0.0,2.0,1.0,9.0,0.0,8.0,1.0,0.0,0.0,0.0,0.0,0.0,1.0,0.0,0.0
Santiago Ormeño,FW,Peru,26.0,1994.0,6.0,0.0,113.0,0.0,0.0,0.0,0.0,0.0,0.0,2.0,2.0,23.9,0.0,368.0,17.0,13.0,14.0,9.0,12.0,1.0,1.0,1.0,2.0,0.0,0.0,0.0,6.0,1.0,1.0,0.0,0.0,0.0,0.0,12.0,3.0,11.0,53.0,3.0,11.0,30.0,15.0,2.0,53.0,3.0,6.0,3.0,0.0,37.0,137.0,66.0,4.0,2.0,0.0,4.0,3.0,50.0,29.0,5.0,0.0,0.0,0.0,0.0,0.0,0.0,30.0,5.0,1.0,20.0,9.0,4.0,0.0,0.0,4.0,1.0,4.0,0.0
Nicolás Otamendi,DF,Argentina,32.0,1988.0,5.0,5.0,480.0,0.0,0.0,0.0,0.0,2.0,0.0,0.0,0.0,0.0,0.0,3621.0,1098.0,53.0,61.0,96.0,105.0,26.0,31.0,1.0,13.0,0.0,0.0,0.0,8.0,7.0,0.0,0.0,0.0,0.0,0.0,22.0,19.0,5.0,258.0,43.0,144.0,130.0,6.0,3.0,242.0,0.0,0.0,0.0,0.0,150.0,1158.0,777.0,16.0,2.0,0.0,1.0,0.0,164.0,163.0,1.0,5.0,7.0,2.0,0.0,4.0,3.0,49.0,20.0,32.0,17.0,0.0,9.0,2.0,0.0,7.0,5.0,34.0,1.0
Rómulo Otero,FW,Venezuela,28.0,1992.0,1.0,0.0,32.0,0.0,0.0,0.0,0.0,0.0,0.0,1.0,0.0,27.8,1.0,375.0,110.0,6.0,7.0,7.0,9.0,4.0,6.0,2.0,0.0,1.0,0.0,0.0,1.0,2.0,0.0,1.0,0.0,0.0,0.0,6.0,0.0,0.0,30.0,0.0,2.0,14.0,21.0,0.0,26.0,0.0,2.0,0.0,0.0,24.0,152.0,97.0,5.0,5.0,0.0,0.0,4.0,20.0,19.0,3.0,0.0,0.0,0.0,0.0,0.0,0.0,4.0,1.0,1.0,2.0,1.0,1.0,0.0,0.0,1.0,0.0,0.0,0.0
Carlos Palacios,FW,Chile,20.0,2000.0,2.0,1.0,103.0,0.0,0.0,0.0,0.0,1.0,0.0,2.0,0.0,21.4,0.0,408.0,86.0,14.0,19.0,10.0,14.0,2.0,4.0,0.0,3.0,0.0,0.0,0.0,3.0,0.0,0.0,3.0,0.0,0.0,0.0,3.0,0.0,2.0,49.0,0.0,5.0,15.0,33.0,4.0,48.0,3.0,4.0,3.0,0.0,44.0,273.0,202.0,6.0,2.0,1.0,3.0,1.0,46.0,40.0,4.0,1.0,0.0,0.0,2.0,1.0,1.0,24.0,7.0,5.0,11.0,8.0,2.0,0.0,0.0,2.0,0.0,0.0,0.0
Diego Palacios,MF,Ecuador,21.0,1999.0,2.0,2.0,116.0,0.0,0.0,0.0,0.0,0.0,0.0,0.0,0.0,0.0,0.0,316.0,106.0,12.0,14.0,4.0,4.0,3.0,4.0,1.0,0.0,2.0,1.0,0.0,2.0,0.0,1.0,1.0,0.0,0.0,0.0,5.0,1.0,0.0,31.0,2.0,8.0,5.0,19.0,1.0,28.0,1.0,1.0,1.0,0.0,19.0,59.0,23.0,1.0,1.0,0.0,0.0,0.0,30.0,18.0,0.0,0.0,1.0,0.0,0.0,0.0,0.0,19.0,3.0,9.0,7.0,3.0,1.0,0.0,0.0,1.0,2.0,0.0,0.0
Exequiel Palacios,MF,Argentina,22.0,1998.0,4.0,1.0,144.0,0.0,0.0,0.0,0.0,0.0,0.0,1.0,0.0,10.0,0.0,1378.0,308.0,47.0,53.0,35.0,38.0,4.0,7.0,1.0,5.0,1.0,0.0,0.0,2.0,6.0,0.0,0.0,0.0,0.0,0.0,11.0,1.0,1.0,111.0,2.0,21.0,64.0,32.0,1.0,110.0,1.0,2.0,1.0,0.0,81.0,308.0,145.0,9.0,2.0,0.0,0.0,0.0,99.0,93.0,3.0,2.0,1.0,1.0,0.0,1.0,0.0,27.0,7.0,6.0,17.0,4.0,2.0,0.0,0.0,2.0,2.0,0.0,0.0
Lucas Paquetá,MF,Brazil,23.0,1997.0,6.0,4.0,354.0,2.0,0.0,0.0,0.0,1.0,0.0,7.0,3.0,18.5,0.0,2571.0,740.0,77.0,86.0,57.0,72.0,13.0,18.0,6.0,21.0,5.0,0.0,0.0,10.0,12.0,2.0,3.0,0.0,0.0,0.0,31.0,8.0,3.0,258.0,3.0,36.0,155.0,80.0,8.0,254.0,3.0,5.0,3.0,0.0,175.0,682.0,339.0,16.0,9.0,0.0,8.0,11.0,211.0,185.0,24.0,11.0,4.0,8.0,3.0,3.0,2.0,71.0,27.0,21.0,38.0,12.0,4.0,0.0,0.0,4.0,6.0,6.0,0.0
Leandro Paredes,MF,Argentina,26.0,1994.0,6.0,4.0,355.0,0.0,0.0,0.0,0.0,2.0,0.0,2.0,0.0,23.1,0.0,4018.0,975.0,75.0,79.0,83.0,85.0,32.0,37.0,3.0,16.0,4.0,1.0,0.0,9.0,8.0,0.0,1.0,0.0,0.0,0.0,27.0,1.0,0.0,245.0,13.0,70.0,157.0,33.0,2.0,225.0,0.0,1.0,0.0,0.0,148.0,540.0,274.0,8.0,5.0,0.0,1.0,4.0,173.0,168.0,3.0,5.0,3.0,5.0,2.0,3.0,2.0,53.0,15.0,19.0,25.0,9.0,7.0,3.0,0.0,4.0,1.0,7.0,0.0
Sergio Peña,MF,Peru,25.0,1995.0,7.0,7.0,541.0,1.0,0.0,0.0,0.0,0.0,0.0,9.0,2.0,19.9,0.0,4200.0,1084.0,113.0,130.0,96.0,109.0,24.0,43.0,5.0,21.0,1.0,0.0,0.0,6.0,8.0,0.0,2.0,0.0,0.0,0.0,54.0,4.0,7.0,353.0,5.0,59.0,220.0,93.0,5.0,352.0,10.0,14.0,11.0,2.0,268.0,1128.0,534.0,24.0,9.0,0.0,2.0,8.0,282.0,256.0,11.0,9.0,4.0,9.0,2.0,6.0,11.0,137.0,36.0,46.0,67.0,24.0,4.0,0.0,0.0,4.0,10.0,1.0,0.0
Sebastián Pérez Cardona,MF,Colombia,27.0,1993.0,2.0,1.0,89.0,0.0,0.0,0.0,0.0,0.0,0.0,0.0,0.0,0.0,0.0,581.0,139.0,16.0,16.0,14.0,15.0,3.0,3.0,0.0,3.0,0.0,0.0,0.0,2.0,0.0,0.0,0.0,0.0,0.0,0.0,4.0,0.0,3.0,44.0,0.0,14.0,27.0,5.0,1.0,43.0,0.0,0.0,0.0,0.0,30.0,88.0,37.0,1.0,0.0,0.0,3.0,1.0,39.0,34.0,2.0,1.0,1.0,1.0,0.0,0.0,0.0,30.0,6.0,13.0,12.0,5.0,1.0,0.0,0.0,1.0,1.0,1.0,0.0
Germán Pezzella,DF,Argentina,29.0,1991.0,6.0,4.0,403.0,0.0,0.0,0.0,0.0,1.0,0.0,2.0,1.0,10.9,0.0,3518.0,1166.0,65.0,67.0,91.0,96.0,21.0,24.0,1.0,10.0,1.0,0.0,0.0,3.0,2.0,0.0,0.0,0.0,0.0,0.0,20.0,14.0,3.0,224.0,32.0,129.0,102.0,5.0,2.0,222.0,1.0,1.0,1.0,0.0,141.0,778.0,341.0,6.0,2.0,0.0,1.0,1.0,169.0,167.0,0.0,0.0,0.0,1.0,0.0,0.0,1.0,23.0,4.0,15.0,8.0,0.0,9.0,5.0,0.0,4.0,7.0,15.0,0.0
César Pinares,FW,Chile,29.0,1991.0,3.0,1.0,107.0,0.0,0.0,0.0,0.0,0.0,0.0,1.0,0.0,15.6,0.0,791.0,237.0,26.0,28.0,15.0,16.0,5.0,8.0,3.0,6.0,3.0,1.0,0.0,0.0,3.0,0.0,3.0,0.0,0.0,0.0,6.0,2.0,1.0,68.0,3.0,11.0,40.0,23.0,3.0,67.0,2.0,3.0,2.0,0.0,54.0,362.0,185.0,4.0,3.0,2.0,3.0,1.0,61.0,53.0,4.0,0.0,0.0,0.0,0.0,0.0,0.0,17.0,4.0,5.0,9.0,3.0,2.0,0.0,0.0,2.0,2.0,2.0,0.0
Mario Pineida,MF,Ecuador,28.0,1992.0,1.0,0.0,7.0,0.0,0.0,0.0,0.0,0.0,0.0,0.0,0.0,0.0,0.0,30.0,0.0,1.0,1.0,1.0,1.0,0.0,0.0,0.0,0.0,0.0,0.0,0.0,0.0,0.0,0.0,0.0,0.0,0.0,0.0,1.0,0.0,0.0,3.0,1.0,1.0,1.0,1.0,0.0,3.0,0.0,0.0,0.0,0.0,1.0,5.0,0.0,0.0,0.0,0.0,0.0,0.0,1.0,1.0,0.0,0.0,0.0,0.0,0.0,0.0,0.0,0.0,0.0,0.0,0.0,0.0,0.0,0.0,0.0,0.0,0.0,1.0,0.0
Gonzalo Plata,MF,Ecuador,20.0,2000.0,4.0,1.0,155.0,1.0,0.0,0.0,0.0,0.0,0.0,4.0,4.0,7.9,0.0,669.0,96.0,22.0,25.0,15.0,19.0,4.0,7.0,1.0,4.0,0.0,0.0,0.0,2.0,5.0,0.0,2.0,0.0,0.0,0.0,17.0,2.0,1.0,92.0,1.0,14.0,44.0,45.0,7.0,86.0,12.0,20.0,12.0,0.0,78.0,318.0,183.0,10.0,5.0,2.0,6.0,6.0,75.0,58.0,8.0,2.0,2.0,1.0,2.0,3.0,4.0,39.0,10.0,5.0,23.0,11.0,0.0,0.0,0.0,0.0,3.0,0.0,0.0
Ángelo Preciado,DF,Ecuador,22.0,1998.0,5.0,5.0,442.0,0.0,0.0,0.0,0.0,2.0,0.0,5.0,1.0,24.9,0.0,3635.0,1231.0,99.0,112.0,83.0,102.0,19.0,33.0,2.0,13.0,7.0,4.0,0.0,8.0,8.0,0.0,16.0,0.0,0.0,0.0,43.0,13.0,6.0,319.0,10.0,68.0,143.0,119.0,7.0,264.0,6.0,17.0,7.0,0.0,200.0,747.0,312.0,13.0,3.0,0.0,3.0,6.0,182.0,174.0,11.0,11.0,8.0,3.0,0.0,5.0,7.0,88.0,33.0,37.0,38.0,13.0,6.0,1.0,0.0,5.0,7.0,13.0,0.0
Ayrton Preciado,MF,Ecuador,26.0,1994.0,4.0,3.0,281.0,2.0,0.0,0.0,0.0,0.0,0.0,2.0,2.0,4.5,0.0,1690.0,623.0,50.0,57.0,33.0,41.0,12.0,25.0,6.0,10.0,3.0,0.0,0.0,6.0,0.0,0.0,5.0,0.0,0.0,0.0,17.0,2.0,9.0,159.0,7.0,26.0,60.0,84.0,10.0,137.0,3.0,7.0,3.0,0.0,109.0,589.0,324.0,12.0,1.0,1.0,4.0,2.0,121.0,96.0,14.0,5.0,4.0,4.0,1.0,4.0,1.0,52.0,21.0,17.0,22.0,13.0,4.0,1.0,0.0,3.0,3.0,5.0,0.0
Erick Pulgar,MF,Chile,27.0,1994.0,4.0,4.0,345.0,0.0,0.0,0.0,0.0,1.0,0.0,4.0,1.0,24.4,1.0,3749.0,974.0,75.0,77.0,81.0,89.0,30.0,38.0,3.0,17.0,4.0,0.0,0.0,2.0,3.0,3.0,0.0,0.0,0.0,0.0,25.0,8.0,2.0,248.0,14.0,71.0,151.0,47.0,1.0,246.0,2.0,3.0,3.0,0.0,176.0,791.0,302.0,13.0,7.0,0.0,1.0,0.0,202.0,186.0,2.0,1.0,5.0,0.0,0.0,2.0,3.0,43.0,16.0,24.0,14.0,5.0,6.0,2.0,0.0,4.0,8.0,12.0,0.0
Jairo Quinteros,DF,Bolivia,19.0,2001.0,3.0,3.0,270.0,0.0,0.0,0.0,0.0,0.0,0.0,0.0,0.0,0.0,0.0,1498.0,560.0,21.0,23.0,34.0,36.0,12.0,26.0,0.0,2.0,0.0,0.0,0.0,1.0,1.0,0.0,0.0,0.0,0.0,1.0,9.0,2.0,1.0,111.0,41.0,85.0,34.0,0.0,0.0,109.0,1.0,2.0,1.0,0.0,72.0,514.0,279.0,4.0,0.0,0.0,0.0,0.0,69.0,67.0,0.0,2.0,3.0,0.0,0.0,0.0,2.0,26.0,7.0,21.0,4.0,1.0,8.0,6.0,0.0,2.0,9.0,14.0,0.0
Rodrigo Ramallo,FW,Bolivia,30.0,1990.0,4.0,1.0,139.0,0.0,0.0,0.0,0.0,1.0,0.0,0.0,0.0,0.0,0.0,538.0,47.0,14.0,18.0,9.0,11.0,5.0,5.0,2.0,1.0,0.0,0.0,0.0,4.0,4.0,1.0,0.0,0.0,0.0,0.0,5.0,1.0,7.0,55.0,3.0,8.0,30.0,18.0,3.0,52.0,2.0,2.0,2.0,0.0,41.0,111.0,47.0,3.0,1.0,0.0,2.0,3.0,63.0,34.0,10.0,4.0,0.0,2.0,2.0,0.0,3.0,38.0,8.0,8.0,15.0,15.0,1.0,1.0,0.0,0.0,3.0,2.0,0.0
Christian Ramos,DF,Peru,32.0,1988.0,5.0,5.0,435.0,0.0,0.0,0.0,0.0,2.0,0.0,1.0,0.0,7.0,0.0,2496.0,957.0,39.0,43.0,67.0,70.0,15.0,25.0,0.0,7.0,1.0,0.0,0.0,9.0,2.0,0.0,0.0,0.0,0.0,0.0,26.0,7.0,3.0,181.0,35.0,106.0,85.0,3.0,1.0,175.0,0.0,0.0,0.0,0.0,104.0,533.0,278.0,2.0,1.0,0.0,0.0,2.0,105.0,104.0,0.0,3.0,3.0,2.0,0.0,4.0,3.0,53.0,17.0,35.0,18.0,0.0,6.0,4.0,0.0,2.0,3.0,26.0,0.0
Everton Ribeiro,MF,Brazil,31.0,1989.0,5.0,1.0,169.0,1.0,0.0,0.0,0.0,1.0,0.0,1.0,1.0,7.0,0.0,974.0,266.0,36.0,41.0,22.0,27.0,4.0,9.0,2.0,5.0,3.0,0.0,0.0,4.0,4.0,0.0,4.0,0.0,0.0,0.0,8.0,1.0,3.0,99.0,0.0,5.0,40.0,65.0,7.0,97.0,4.0,9.0,4.0,1.0,73.0,394.0,241.0,9.0,3.0,0.0,0.0,4.0,83.0,77.0,11.0,2.0,0.0,1.0,1.0,0.0,0.0,35.0,6.0,10.0,13.0,12.0,3.0,0.0,0.0,3.0,4.0,0.0,0.0
Richarlison,FW,Brazil,23.0,1997.0,7.0,5.0,461.0,1.0,1.0,0.0,0.0,0.0,0.0,18.0,7.0,13.2,0.0,1056.0,212.0,42.0,57.0,28.0,38.0,2.0,7.0,5.0,4.0,2.0,0.0,0.0,7.0,18.0,4.0,12.0,0.0,0.0,0.0,32.0,12.0,11.0,198.0,4.0,30.0,72.0,106.0,42.0,192.0,10.0,11.0,10.0,0.0,125.0,768.0,454.0,24.0,4.0,4.0,15.0,7.0,192.0,122.0,39.0,9.0,3.0,5.0,2.0,6.0,4.0,83.0,24.0,18.0,34.0,31.0,9.0,0.0,0.0,9.0,7.0,4.0,0.0
Enzo Roco,DF,Chile,28.0,1992.0,3.0,0.0,83.0,0.0,0.0,0.0,0.0,0.0,0.0,0.0,0.0,0.0,0.0,699.0,240.0,11.0,11.0,20.0,21.0,4.0,5.0,1.0,5.0,0.0,0.0,0.0,2.0,2.0,0.0,0.0,0.0,0.0,0.0,6.0,2.0,5.0,51.0,8.0,18.0,35.0,2.0,0.0,51.0,0.0,0.0,0.0,0.0,28.0,158.0,101.0,3.0,0.0,0.0,1.0,0.0,33.0,29.0,1.0,1.0,0.0,1.0,0.0,0.0,0.0,10.0,6.0,6.0,3.0,1.0,3.0,0.0,0.0,3.0,2.0,7.0,0.0
Guido Rodríguez,MF,Argentina,26.0,1994.0,6.0,4.0,427.0,1.0,0.0,0.0,0.0,1.0,0.0,3.0,1.0,18.7,0.0,3842.0,920.0,107.0,112.0,85.0,97.0,22.0,28.0,1.0,18.0,0.0,0.0,0.0,10.0,6.0,0.0,0.0,0.0,0.0,0.0,37.0,3.0,6.0,290.0,18.0,95.0,174.0,28.0,1.0,282.0,1.0,1.0,1.0,0.0,179.0,703.0,303.0,7.0,1.0,0.0,0.0,3.0,208.0,196.0,3.0,8.0,8.0,3.0,2.0,6.0,13.0,100.0,27.0,38.0,46.0,16.0,11.0,3.0,0.0,8.0,11.0,7.0,0.0
Jonathan Rodríguez,MF,Uruguay,27.0,1993.0,1.0,0.0,6.0,0.0,0.0,0.0,0.0,0.0,0.0,0.0,0.0,0.0,0.0,102.0,9.0,3.0,4.0,3.0,3.0,0.0,0.0,1.0,0.0,0.0,0.0,0.0,0.0,0.0,0.0,0.0,0.0,0.0,0.0,4.0,1.0,0.0,10.0,1.0,1.0,4.0,6.0,1.0,10.0,0.0,1.0,0.0,0.0,7.0,53.0,38.0,3.0,1.0,1.0,0.0,0.0,4.0,4.0,0.0,0.0,0.0,0.0,0.0,0.0,0.0,0.0,0.0,0.0,0.0,0.0,0.0,0.0,0.0,0.0,0.0,0.0,0.0
Robert Rojas,DF,Paraguay,24.0,1996.0,2.0,1.0,165.0,0.0,0.0,0.0,0.0,0.0,0.0,0.0,0.0,0.0,0.0,1598.0,516.0,28.0,28.0,35.0,41.0,15.0,20.0,1.0,7.0,1.0,0.0,0.0,1.0,1.0,0.0,1.0,0.0,0.0,0.0,13.0,2.0,4.0,101.0,8.0,41.0,63.0,7.0,1.0,97.0,0.0,0.0,0.0,0.0,72.0,460.0,172.0,7.0,0.0,0.0,0.0,0.0,75.0,71.0,1.0,2.0,0.0,2.0,0.0,0.0,2.0,21.0,10.0,13.0,7.0,1.0,4.0,2.0,0.0,2.0,2.0,5.0,0.0
Ángel Romero,MF,Paraguay,28.0,1992.0,5.0,4.0,415.0,2.0,0.0,0.0,0.0,0.0,0.0,10.0,4.0,16.8,1.0,2351.0,819.0,75.0,88.0,51.0,65.0,13.0,39.0,9.0,6.0,10.0,3.0,0.0,7.0,6.0,1.0,27.0,0.0,1.0,0.0,35.0,5.0,5.0,266.0,5.0,29.0,66.0,187.0,27.0,248.0,4.0,15.0,6.0,1.0,195.0,1204.0,820.0,54.0,13.0,4.0,10.0,7.0,245.0,191.0,28.0,5.0,2.0,2.0,2.0,2.0,6.0,76.0,20.0,18.0,35.0,23.0,4.0,0.0,0.0,4.0,6.0,2.0,0.0
Cristian Romero,DF,Argentina,22.0,1998.0,3.0,3.0,258.0,0.0,0.0,0.0,0.0,0.0,0.0,1.0,1.0,9.2,0.0,2341.0,749.0,31.0,31.0,52.0,54.0,22.0,28.0,0.0,3.0,0.0,0.0,0.0,3.0,3.0,0.0,0.0,0.0,0.0,0.0,21.0,4.0,2.0,137.0,21.0,96.0,48.0,1.0,1.0,124.0,0.0,0.0,0.0,0.0,83.0,396.0,160.0,1.0,0.0,0.0,2.0,1.0,85.0,84.0,1.0,3.0,3.0,2.0,0.0,0.0,0.0,23.0,8.0,18.0,5.0,0.0,6.0,2.0,0.0,4.0,4.0,4.0,0.0
Óscar Romero,FW,Paraguay,28.0,1992.0,3.0,0.0,97.0,0.0,0.0,0.0,0.0,0.0,0.0,1.0,0.0,28.5,0.0,1657.0,602.0,28.0,31.0,26.0,29.0,17.0,21.0,0.0,17.0,3.0,0.0,0.0,2.0,4.0,1.0,1.0,0.0,0.0,0.0,9.0,0.0,1.0,97.0,0.0,9.0,60.0,38.0,0.0,92.0,1.0,5.0,1.0,0.0,79.0,277.0,83.0,4.0,2.0,0.0,1.0,3.0,95.0,81.0,7.0,1.0,0.0,1.0,0.0,1.0,2.0,31.0,11.0,4.0,19.0,8.0,1.0,0.0,0.0,1.0,0.0,0.0,0.0
Roberto Rosales,DF,Venezuela,32.0,1988.0,1.0,1.0,68.0,0.0,0.0,0.0,0.0,0.0,0.0,0.0,0.0,0.0,0.0,700.0,205.0,19.0,19.0,14.0,17.0,4.0,8.0,0.0,3.0,1.0,0.0,0.0,1.0,0.0,0.0,3.0,0.0,0.0,0.0,4.0,0.0,0.0,56.0,3.0,11.0,29.0,21.0,1.0,51.0,0.0,1.0,0.0,0.0,31.0,203.0,135.0,5.0,2.0,0.0,0.0,1.0,42.0,37.0,5.0,4.0,0.0,3.0,1.0,1.0,2.0,15.0,5.0,7.0,6.0,2.0,2.0,0.0,0.0,2.0,2.0,0.0,0.0
Erwin Saavedra,MF,Bolivia,24.0,1996.0,4.0,4.0,314.0,2.0,0.0,1.0,1.0,0.0,0.0,5.0,4.0,20.6,0.0,2410.0,747.0,71.0,82.0,51.0,60.0,15.0,21.0,2.0,13.0,2.0,0.0,0.0,4.0,5.0,0.0,6.0,0.0,0.0,0.0,16.0,3.0,2.0,209.0,3.0,41.0,108.0,75.0,7.0,203.0,6.0,10.0,7.0,0.0,174.0,1016.0,491.0,21.0,3.0,2.0,7.0,3.0,191.0,166.0,7.0,1.0,3.0,0.0,2.0,3.0,13.0,64.0,13.0,29.0,17.0,18.0,2.0,0.0,0.0,2.0,8.0,5.0,0.0
José Sagredo,DF,Bolivia,26.0,1994.0,2.0,1.0,120.0,0.0,0.0,0.0,0.0,0.0,0.0,0.0,0.0,0.0,0.0,475.0,260.0,18.0,20.0,9.0,12.0,2.0,6.0,0.0,1.0,0.0,0.0,0.0,0.0,2.0,0.0,1.0,0.0,0.0,0.0,5.0,2.0,3.0,52.0,14.0,25.0,21.0,8.0,0.0,48.0,1.0,3.0,1.0,0.0,30.0,114.0,76.0,2.0,2.0,0.0,0.0,0.0,30.0,29.0,0.0,1.0,0.0,1.0,0.0,0.0,1.0,9.0,3.0,5.0,3.0,1.0,3.0,2.0,0.0,1.0,1.0,7.0,1.0
Braian Samudio,MF,Paraguay,25.0,1995.0,4.0,2.0,190.0,1.0,0.0,0.0,0.0,0.0,0.0,3.0,2.0,5.1,0.0,664.0,195.0,16.0,20.0,18.0,26.0,3.0,7.0,1.0,1.0,2.0,0.0,0.0,3.0,1.0,2.0,2.0,0.0,0.0,0.0,19.0,15.0,2.0,90.0,1.0,15.0,40.0,38.0,4.0,89.0,2.0,4.0,2.0,0.0,55.0,180.0,57.0,3.0,1.0,0.0,11.0,5.0,86.0,58.0,9.0,1.0,2.0,1.0,2.0,2.0,0.0,24.0,8.0,7.0,11.0,6.0,0.0,0.0,0.0,0.0,3.0,2.0,0.0
Alexis Sánchez,FW,Chile,32.0,1988.0,1.0,1.0,45.0,0.0,0.0,0.0,0.0,0.0,0.0,0.0,0.0,0.0,0.0,371.0,87.0,5.0,6.0,4.0,7.0,4.0,6.0,2.0,1.0,0.0,0.0,0.0,0.0,1.0,0.0,2.0,0.0,0.0,0.0,2.0,0.0,1.0,31.0,0.0,6.0,14.0,12.0,2.0,29.0,1.0,1.0,1.0,0.0,23.0,71.0,24.0,2.0,0.0,0.0,1.0,2.0,28.0,23.0,2.0,0.0,0.0,0.0,0.0,0.0,1.0,15.0,4.0,5.0,4.0,6.0,2.0,0.0,0.0,2.0,0.0,1.0,0.0
Davinson Sánchez,DF,Colombia,24.0,1996.0,7.0,5.0,525.0,0.0,0.0,0.0,0.0,0.0,0.0,1.0,1.0,14.0,0.0,4293.0,1375.0,54.0,57.0,103.0,107.0,36.0,52.0,1.0,12.0,0.0,0.0,0.0,3.0,5.0,0.0,0.0,0.0,0.0,0.0,33.0,11.0,3.0,263.0,43.0,157.0,108.0,9.0,4.0,262.0,0.0,0.0,0.0,0.0,174.0,906.0,525.0,16.0,2.0,0.0,0.0,0.0,183.0,181.0,0.0,3.0,3.0,2.0,1.0,4.0,2.0,57.0,15.0,34.0,19.0,4.0,6.0,4.0,0.0,2.0,6.0,28.0,0.0
Erwin Sánchez,MF,Bolivia,28.0,1992.0,2.0,0.0,39.0,0.0,0.0,0.0,0.0,1.0,0.0,1.0,1.0,31.4,0.0,342.0,71.0,8.0,9.0,9.0,10.0,2.0,5.0,1.0,0.0,0.0,0.0,0.0,2.0,1.0,0.0,1.0,0.0,0.0,0.0,2.0,0.0,1.0,31.0,0.0,5.0,18.0,10.0,0.0,26.0,1.0,1.0,1.0,0.0,19.0,107.0,78.0,3.0,0.0,0.0,1.0,1.0,23.0,20.0,2.0,1.0,1.0,1.0,0.0,2.0,0.0,16.0,4.0,6.0,10.0,0.0,1.0,0.0,0.0,1.0,0.0,0.0,0.0
Richard Sánchez,MF,Paraguay,24.0,1996.0,4.0,1.0,153.0,0.0,0.0,0.0,0.0,0.0,0.0,4.0,2.0,25.5,1.0,1928.0,506.0,54.0,58.0,39.0,43.0,13.0,19.0,2.0,9.0,3.0,0.0,0.0,1.0,2.0,0.0,1.0,0.0,0.0,0.0,14.0,2.0,1.0,139.0,2.0,23.0,72.0,57.0,4.0,129.0,2.0,2.0,2.0,0.0,99.0,590.0,307.0,16.0,5.0,2.0,3.0,0.0,115.0,106.0,12.0,4.0,3.0,0.0,1.0,2.0,3.0,40.0,14.0,14.0,18.0,8.0,3.0,0.0,0.0,3.0,1.0,0.0,0.0
Alex Sandro,DF,Brazil,30.0,1991.0,3.0,2.0,182.0,1.0,0.0,0.0,0.0,1.0,0.0,3.0,1.0,16.7,0.0,2038.0,548.0,54.0,59.0,59.0,65.0,6.0,11.0,3.0,10.0,2.0,0.0,0.0,4.0,1.0,0.0,7.0,0.0,0.0,0.0,12.0,2.0,0.0,157.0,1.0,39.0,73.0,55.0,6.0,141.0,1.0,3.0,1.0,0.0,108.0,494.0,228.0,18.0,2.0,1.0,0.0,2.0,121.0,114.0,8.0,1.0,1.0,0.0,1.0,1.0,1.0,20.0,7.0,6.0,6.0,8.0,1.0,0.0,0.0,1.0,8.0,2.0,0.0
Anderson Santamaría,DF,Peru,29.0,1992.0,3.0,3.0,300.0,0.0,0.0,0.0,0.0,1.0,0.0,0.0,0.0,0.0,0.0,2152.0,853.0,33.0,33.0,49.0,51.0,19.0,26.0,0.0,6.0,0.0,0.0,0.0,2.0,1.0,0.0,0.0,0.0,0.0,0.0,16.0,9.0,6.0,149.0,26.0,95.0,54.0,4.0,0.0,145.0,2.0,2.0,2.0,0.0,84.0,368.0,169.0,2.0,1.0,0.0,0.0,1.0,93.0,91.0,0.0,4.0,5.0,2.0,0.0,3.0,1.0,28.0,8.0,17.0,11.0,0.0,5.0,0.0,0.0,5.0,4.0,20.0,0.0
Jefferson Savarino,FW,Venezuela,24.0,1996.0,1.0,1.0,58.0,0.0,0.0,0.0,0.0,0.0,0.0,3.0,2.0,26.5,0.0,218.0,55.0,7.0,8.0,4.0,4.0,1.0,4.0,0.0,1.0,0.0,0.0,0.0,0.0,0.0,0.0,1.0,0.0,0.0,0.0,4.0,0.0,1.0,33.0,0.0,3.0,18.0,13.0,2.0,31.0,0.0,1.0,0.0,0.0,24.0,80.0,42.0,2.0,0.0,0.0,2.0,5.0,31.0,24.0,5.0,0.0,0.0,0.0,0.0,0.0,0.0,8.0,1.0,3.0,3.0,2.0,1.0,0.0,0.0,1.0,1.0,0.0,0.0
Francisco Sierralta,DF,Chile,23.0,1997.0,3.0,3.0,270.0,0.0,0.0,0.0,0.0,2.0,0.0,1.0,1.0,8.0,0.0,2767.0,710.0,44.0,46.0,82.0,86.0,15.0,22.0,0.0,6.0,1.0,1.0,0.0,7.0,5.0,0.0,1.0,0.0,0.0,0.0,14.0,11.0,4.0,204.0,24.0,103.0,106.0,8.0,1.0,201.0,2.0,2.0,2.0,0.0,135.0,642.0,422.0,12.0,3.0,0.0,2.0,2.0,144.0,143.0,1.0,2.0,3.0,0.0,0.0,2.0,5.0,40.0,10.0,20.0,15.0,5.0,4.0,2.0,0.0,2.0,7.0,27.0,1.0
Thiago Silva,DF,Brazil,36.0,1984.0,5.0,5.0,450.0,0.0,0.0,0.0,0.0,0.0,0.0,1.0,0.0,9.0,0.0,5883.0,2256.0,92.0,94.0,150.0,153.0,40.0,43.0,1.0,16.0,1.0,0.0,0.0,2.0,2.0,0.0,0.0,0.0,0.0,0.0,31.0,12.0,3.0,331.0,46.0,169.0,182.0,5.0,1.0,321.0,0.0,0.0,0.0,0.0,233.0,1221.0,799.0,12.0,0.0,0.0,0.0,0.0,258.0,253.0,0.0,2.0,2.0,1.0,1.0,1.0,5.0,19.0,11.0,12.0,6.0,1.0,5.0,4.0,0.0,1.0,9.0,15.0,0.0
Everton Soares,FW,Brazil,24.0,1996.0,6.0,4.0,268.0,0.0,1.0,0.0,0.0,0.0,0.0,4.0,3.0,17.5,0.0,1106.0,191.0,33.0,36.0,24.0,29.0,8.0,15.0,4.0,2.0,1.0,0.0,0.0,3.0,3.0,0.0,7.0,0.0,0.0,0.0,19.0,1.0,8.0,131.0,2.0,29.0,42.0,68.0,12.0,127.0,4.0,13.0,5.0,0.0,93.0,477.0,301.0,14.0,3.0,2.0,3.0,3.0,110.0,80.0,14.0,3.0,8.0,3.0,0.0,2.0,6.0,69.0,12.0,25.0,26.0,18.0,9.0,1.0,0.0,8.0,3.0,0.0,0.0
Yeferson Soteldo,FW,Venezuela,23.0,1997.0,1.0,0.0,22.0,0.0,0.0,0.0,0.0,0.0,0.0,1.0,0.0,12.8,0.0,67.0,13.0,3.0,7.0,2.0,3.0,0.0,1.0,0.0,0.0,0.0,0.0,0.0,0.0,0.0,0.0,1.0,0.0,0.0,0.0,1.0,0.0,0.0,15.0,0.0,0.0,6.0,13.0,3.0,15.0,1.0,3.0,1.0,0.0,15.0,136.0,87.0,5.0,1.0,2.0,0.0,0.0,15.0,14.0,1.0,0.0,0.0,0.0,0.0,0.0,0.0,7.0,1.0,1.0,3.0,3.0,0.0,0.0,0.0,0.0,0.0,0.0,0.0
Luis Suárez,FW,Uruguay,34.0,1987.0,5.0,4.0,380.0,0.0,0.0,0.0,0.0,0.0,0.0,13.0,6.0,18.0,3.0,921.0,147.0,35.0,49.0,22.0,29.0,4.0,11.0,3.0,2.0,2.0,0.0,0.0,3.0,8.0,3.0,7.0,0.0,0.0,0.0,15.0,2.0,6.0,144.0,2.0,6.0,51.0,98.0,32.0,137.0,9.0,15.0,9.0,1.0,95.0,325.0,178.0,11.0,7.0,1.0,10.0,7.0,172.0,111.0,35.0,1.0,0.0,1.0,1.0,2.0,1.0,21.0,5.0,2.0,10.0,9.0,1.0,0.0,0.0,1.0,1.0,3.0,0.0
Nicolás Tagliafico,DF,Argentina,28.0,1992.0,5.0,3.0,336.0,0.0,0.0,0.0,0.0,0.0,0.0,1.0,0.0,5.8,0.0,1629.0,705.0,43.0,47.0,45.0,61.0,5.0,9.0,2.0,8.0,2.0,1.0,0.0,5.0,5.0,0.0,3.0,0.0,1.0,0.0,15.0,7.0,4.0,151.0,11.0,48.0,75.0,37.0,2.0,128.0,1.0,3.0,2.0,0.0,72.0,322.0,223.0,8.0,4.0,0.0,2.0,2.0,97.0,87.0,6.0,3.0,0.0,2.0,1.0,1.0,4.0,40.0,14.0,18.0,17.0,5.0,5.0,1.0,0.0,4.0,6.0,7.0,0.0
Renato Tapia,MF,Peru,25.0,1995.0,7.0,7.0,573.0,0.0,0.0,0.0,0.0,0.0,0.0,6.0,2.0,22.6,0.0,4972.0,1309.0,100.0,106.0,106.0,114.0,38.0,63.0,0.0,19.0,0.0,0.0,0.0,11.0,12.0,0.0,0.0,0.0,0.0,1.0,66.0,14.0,9.0,374.0,28.0,152.0,213.0,24.0,3.0,365.0,9.0,11.0,9.0,0.0,234.0,900.0,460.0,15.0,3.0,0.0,4.0,5.0,230.0,225.0,0.0,10.0,10.0,7.0,3.0,12.0,10.0,140.0,38.0,62.0,68.0,10.0,12.0,4.0,1.0,8.0,10.0,21.0,0.0
Gerald Távara,MF,Peru,21.0,1999.0,2.0,0.0,19.0,0.0,0.0,0.0,0.0,1.0,0.0,0.0,0.0,0.0,0.0,112.0,35.0,2.0,2.0,4.0,4.0,0.0,0.0,1.0,0.0,0.0,0.0,0.0,1.0,0.0,0.0,1.0,0.0,0.0,0.0,1.0,1.0,0.0,12.0,1.0,2.0,9.0,1.0,0.0,11.0,0.0,0.0,0.0,0.0,6.0,13.0,4.0,0.0,0.0,0.0,0.0,1.0,9.0,9.0,0.0,0.0,0.0,0.0,0.0,0.0,2.0,7.0,0.0,5.0,2.0,0.0,1.0,0.0,0.0,1.0,0.0,0.0,0.0
William Tesillo,DF,Colombia,30.0,1990.0,7.0,6.0,541.0,0.0,0.0,0.0,0.0,0.0,0.0,2.0,0.0,10.5,0.0,4524.0,2368.0,100.0,116.0,98.0,112.0,35.0,58.0,5.0,36.0,8.0,2.0,0.0,10.0,5.0,1.0,9.0,0.0,0.0,0.0,46.0,12.0,2.0,394.0,20.0,139.0,186.0,86.0,10.0,350.0,2.0,5.0,2.0,0.0,218.0,825.0,494.0,15.0,4.0,2.0,2.0,4.0,231.0,216.0,13.0,11.0,12.0,5.0,3.0,11.0,16.0,119.0,41.0,63.0,29.0,27.0,16.0,1.0,0.0,15.0,17.0,25.0,0.0
Lucas Torreira,MF,Uruguay,24.0,1996.0,3.0,1.0,88.0,0.0,0.0,0.0,0.0,1.0,0.0,0.0,0.0,0.0,0.0,1199.0,324.0,31.0,32.0,28.0,30.0,7.0,7.0,2.0,10.0,0.0,0.0,0.0,3.0,2.0,0.0,0.0,0.0,0.0,0.0,4.0,2.0,2.0,75.0,2.0,12.0,55.0,9.0,0.0,73.0,0.0,0.0,0.0,0.0,52.0,274.0,126.0,5.0,0.0,0.0,0.0,0.0,63.0,61.0,2.0,1.0,0.0,2.0,1.0,1.0,2.0,24.0,3.0,9.0,8.0,7.0,1.0,0.0,0.0,1.0,1.0,1.0,0.0
Facundo Torres,MF,Uruguay,20.0,2000.0,5.0,0.0,117.0,0.0,1.0,0.0,0.0,0.0,0.0,7.0,2.0,18.9,0.0,803.0,311.0,15.0,18.0,20.0,22.0,6.0,16.0,6.0,2.0,5.0,1.0,0.0,3.0,6.0,0.0,6.0,0.0,0.0,0.0,17.0,0.0,0.0,88.0,0.0,7.0,26.0,64.0,6.0,81.0,5.0,9.0,5.0,0.0,68.0,408.0,257.0,11.0,4.0,2.0,4.0,3.0,71.0,57.0,11.0,2.0,1.0,2.0,0.0,1.0,2.0,46.0,10.0,9.0,31.0,6.0,2.0,0.0,0.0,2.0,2.0,0.0,0.0
Miguel Trauco,DF,Peru,28.0,1992.0,4.0,4.0,345.0,0.0,0.0,0.0,0.0,0.0,0.0,1.0,0.0,17.1,0.0,2156.0,854.0,67.0,76.0,52.0,70.0,8.0,19.0,2.0,6.0,3.0,1.0,0.0,3.0,2.0,0.0,2.0,0.0,0.0,0.0,28.0,4.0,7.0,217.0,12.0,84.0,101.0,40.0,2.0,187.0,0.0,2.0,0.0,0.0,109.0,374.0,195.0,7.0,1.0,1.0,4.0,1.0,127.0,116.0,3.0,6.0,8.0,3.0,0.0,4.0,7.0,47.0,15.0,32.0,12.0,3.0,10.0,0.0,0.0,10.0,5.0,11.0,0.0
Mateus Uribe,MF,Colombia,29.0,1991.0,3.0,3.0,240.0,0.0,0.0,0.0,0.0,2.0,0.0,5.0,2.0,12.8,0.0,1904.0,475.0,47.0,54.0,37.0,43.0,16.0,20.0,1.0,9.0,1.0,0.0,0.0,5.0,2.0,1.0,0.0,0.0,0.0,0.0,27.0,3.0,6.0,155.0,6.0,46.0,86.0,30.0,5.0,154.0,1.0,3.0,1.0,0.0,107.0,380.0,171.0,5.0,1.0,0.0,5.0,2.0,115.0,105.0,6.0,7.0,3.0,6.0,0.0,2.0,10.0,92.0,28.0,27.0,44.0,21.0,3.0,1.0,0.0,2.0,3.0,2.0,0.0
Henry Vaca,MF,Bolivia,23.0,1998.0,2.0,0.0,75.0,0.0,0.0,0.0,0.0,1.0,0.0,2.0,0.0,20.9,1.0,164.0,13.0,6.0,11.0,3.0,5.0,1.0,1.0,0.0,0.0,1.0,0.0,0.0,1.0,3.0,0.0,0.0,0.0,0.0,0.0,5.0,0.0,0.0,39.0,0.0,8.0,11.0,24.0,6.0,37.0,4.0,6.0,4.0,0.0,32.0,136.0,70.0,4.0,2.0,0.0,3.0,6.0,32.0,25.0,5.0,0.0,2.0,0.0,1.0,0.0,1.0,19.0,1.0,8.0,4.0,7.0,1.0,1.0,0.0,0.0,0.0,0.0,0.0
Ramiro Vaca,MF,Bolivia,21.0,1999.0,3.0,3.0,269.0,0.0,0.0,0.0,0.0,1.0,0.0,3.0,1.0,25.1,0.0,2658.0,776.0,65.0,74.0,56.0,64.0,20.0,32.0,1.0,13.0,3.0,1.0,0.0,3.0,1.0,0.0,3.0,0.0,0.0,0.0,23.0,0.0,4.0,199.0,10.0,49.0,115.0,57.0,1.0,192.0,5.0,7.0,6.0,0.0,167.0,1043.0,554.0,24.0,8.0,0.0,0.0,1.0,160.0,146.0,12.0,2.0,1.0,1.0,0.0,2.0,9.0,80.0,9.0,24.0,39.0,17.0,4.0,0.0,0.0,4.0,5.0,3.0,0.0
Diego Valencia,MF,Chile,21.0,2000.0,1.0,0.0,3.0,0.0,0.0,0.0,0.0,0.0,0.0,0.0,0.0,0.0,0.0,3.0,0.0,0.0,0.0,0.0,0.0,0.0,0.0,0.0,0.0,0.0,0.0,0.0,0.0,0.0,0.0,0.0,0.0,0.0,0.0,0.0,0.0,0.0,3.0,0.0,0.0,1.0,2.0,1.0,3.0,0.0,0.0,0.0,0.0,1.0,0.0,0.0,0.0,0.0,0.0,0.0,0.0,1.0,1.0,0.0,0.0,0.0,0.0,0.0,0.0,0.0,2.0,1.0,2.0,0.0,0.0,2.0,0.0,0.0,2.0,0.0,0.0,0.0
Enner Valencia,FW,Ecuador,31.0,1989.0,4.0,4.0,344.0,0.0,1.0,0.0,0.0,2.0,0.0,12.0,1.0,17.8,2.0,695.0,74.0,23.0,32.0,15.0,26.0,3.0,6.0,3.0,2.0,2.0,0.0,0.0,8.0,8.0,4.0,3.0,0.0,0.0,0.0,13.0,8.0,25.0,129.0,3.0,8.0,48.0,81.0,19.0,119.0,4.0,8.0,4.0,0.0,87.0,401.0,213.0,13.0,1.0,2.0,8.0,11.0,155.0,91.0,27.0,1.0,0.0,2.0,2.0,0.0,3.0,71.0,18.0,4.0,27.0,40.0,3.0,0.0,0.0,3.0,2.0,3.0,0.0
Álex Valera,FW,Peru,24.0,1996.0,2.0,0.0,32.0,0.0,0.0,0.0,0.0,0.0,0.0,1.0,0.0,4.0,0.0,102.0,23.0,4.0,5.0,3.0,4.0,0.0,0.0,0.0,1.0,0.0,0.0,0.0,0.0,0.0,1.0,0.0,0.0,0.0,0.0,4.0,0.0,2.0,15.0,0.0,2.0,8.0,5.0,2.0,12.0,0.0,1.0,0.0,0.0,5.0,17.0,0.0,0.0,0.0,0.0,2.0,1.0,12.0,7.0,2.0,0.0,1.0,0.0,0.0,1.0,0.0,10.0,3.0,2.0,6.0,2.0,0.0,0.0,0.0,0.0,0.0,0.0,0.0
Federico Valverde,MF,Uruguay,22.0,1998.0,5.0,5.0,417.0,0.0,0.0,0.0,0.0,1.0,0.0,7.0,1.0,26.8,0.0,4370.0,1281.0,77.0,89.0,77.0,89.0,45.0,59.0,4.0,34.0,7.0,2.0,0.0,1.0,3.0,0.0,10.0,0.0,0.0,0.0,32.0,2.0,1.0,287.0,6.0,44.0,165.0,109.0,8.0,286.0,8.0,12.0,8.0,0.0,218.0,1444.0,834.0,41.0,18.0,4.0,2.0,3.0,233.0,217.0,15.0,10.0,3.0,8.0,3.0,3.0,11.0,80.0,27.0,17.0,43.0,20.0,3.0,0.0,0.0,3.0,8.0,1.0,0.0
Eduardo Vargas,FW,Chile,31.0,1989.0,5.0,5.0,401.0,2.0,1.0,0.0,0.0,0.0,0.0,11.0,6.0,16.8,0.0,1637.0,158.0,51.0,62.0,35.0,42.0,10.0,12.0,4.0,5.0,2.0,0.0,0.0,7.0,10.0,3.0,2.0,0.0,0.0,0.0,24.0,5.0,14.0,180.0,3.0,21.0,73.0,101.0,18.0,172.0,6.0,11.0,7.0,0.0,129.0,684.0,328.0,17.0,8.0,2.0,10.0,5.0,208.0,134.0,28.0,1.0,0.0,0.0,2.0,1.0,3.0,76.0,22.0,8.0,41.0,27.0,4.0,0.0,0.0,4.0,2.0,3.0,0.0
Matías Vecino,MF,Uruguay,29.0,1991.0,5.0,4.0,343.0,0.0,0.0,0.0,0.0,0.0,0.0,3.0,1.0,21.0,0.0,4221.0,1130.0,102.0,104.0,99.0,111.0,25.0,38.0,3.0,20.0,5.0,1.0,0.0,11.0,5.0,0.0,1.0,0.0,0.0,0.0,42.0,7.0,7.0,308.0,8.0,87.0,191.0,50.0,3.0,300.0,4.0,4.0,4.0,0.0,203.0,1124.0,647.0,22.0,5.0,0.0,4.0,1.0,218.0,211.0,3.0,10.0,6.0,10.0,1.0,7.0,6.0,83.0,30.0,28.0,40.0,15.0,11.0,2.0,0.0,9.0,5.0,8.0,0.0
Sebastián Vegas,DF,Chile,24.0,1996.0,1.0,1.0,63.0,0.0,0.0,0.0,0.0,0.0,0.0,1.0,1.0,37.0,0.0,784.0,256.0,15.0,17.0,19.0,20.0,6.0,9.0,0.0,3.0,0.0,0.0,0.0,0.0,1.0,0.0,0.0,0.0,0.0,0.0,4.0,0.0,0.0,54.0,4.0,22.0,32.0,6.0,0.0,51.0,0.0,0.0,0.0,0.0,43.0,236.0,153.0,4.0,2.0,0.0,0.0,0.0,41.0,41.0,0.0,2.0,2.0,0.0,0.0,0.0,3.0,10.0,4.0,8.0,2.0,0.0,1.0,0.0,0.0,1.0,0.0,2.0,0.0
Arturo Vidal,MF,Chile,33.0,1987.0,5.0,5.0,400.0,0.0,0.0,0.0,1.0,2.0,0.0,4.0,2.0,16.5,0.0,4867.0,1029.0,120.0,129.0,104.0,115.0,36.0,49.0,4.0,21.0,5.0,1.0,0.0,16.0,7.0,1.0,1.0,1.0,0.0,1.0,40.0,7.0,12.0,350.0,8.0,66.0,191.0,113.0,6.0,343.0,2.0,6.0,3.0,0.0,238.0,892.0,484.0,17.0,8.0,1.0,4.0,2.0,309.0,272.0,10.0,1.0,0.0,2.0,3.0,3.0,10.0,111.0,29.0,45.0,45.0,21.0,9.0,3.0,0.0,6.0,9.0,2.0,0.0
Mikel Villanueva,DF,Venezuela,27.0,1993.0,1.0,1.0,90.0,0.0,0.0,0.0,0.0,0.0,0.0,1.0,0.0,6.4,0.0,737.0,190.0,5.0,6.0,13.0,15.0,11.0,12.0,0.0,0.0,0.0,0.0,0.0,1.0,1.0,0.0,0.0,0.0,0.0,0.0,4.0,5.0,0.0,43.0,11.0,36.0,6.0,2.0,1.0,42.0,0.0,0.0,0.0,0.0,24.0,133.0,71.0,0.0,0.0,0.0,0.0,0.0,25.0,25.0,0.0,2.0,2.0,0.0,0.0,0.0,0.0,5.0,3.0,4.0,1.0,0.0,1.0,1.0,0.0,0.0,4.0,5.0,0.0
Moisés Villarroel Angulo,MF,Bolivia,22.0,1998.0,3.0,1.0,52.0,0.0,0.0,0.0,0.0,0.0,0.0,0.0,0.0,0.0,0.0,272.0,83.0,9.0,12.0,3.0,3.0,3.0,4.0,0.0,3.0,0.0,0.0,0.0,2.0,1.0,0.0,0.0,0.0,0.0,0.0,2.0,1.0,0.0,27.0,2.0,7.0,15.0,7.0,0.0,26.0,0.0,1.0,0.0,0.0,20.0,71.0,13.0,1.0,1.0,0.0,1.0,1.0,25.0,20.0,0.0,0.0,0.0,1.0,1.0,1.0,1.0,14.0,4.0,5.0,6.0,3.0,0.0,0.0,0.0,0.0,1.0,0.0,0.0
Mathías Villasanti,MF,Paraguay,24.0,1997.0,4.0,4.0,303.0,0.0,0.0,0.0,0.0,1.0,0.0,1.0,1.0,14.6,0.0,1688.0,330.0,50.0,51.0,40.0,46.0,10.0,14.0,0.0,11.0,0.0,0.0,0.0,7.0,3.0,0.0,1.0,0.0,0.0,0.0,16.0,4.0,2.0,154.0,10.0,48.0,85.0,29.0,6.0,152.0,3.0,4.0,4.0,0.0,105.0,576.0,176.0,7.0,1.0,0.0,5.0,1.0,116.0,100.0,6.0,6.0,6.0,5.0,1.0,3.0,5.0,85.0,23.0,31.0,41.0,13.0,7.0,2.0,0.0,5.0,9.0,6.0,0.0
Matías Viña,DF,Uruguay,23.0,1997.0,5.0,5.0,444.0,0.0,0.0,0.0,0.0,0.0,0.0,3.0,1.0,26.5,0.0,2972.0,1168.0,108.0,122.0,80.0,89.0,4.0,11.0,5.0,17.0,8.0,4.0,0.0,4.0,5.0,0.0,15.0,0.0,0.0,0.0,32.0,9.0,3.0,286.0,13.0,77.0,123.0,103.0,13.0,257.0,4.0,6.0,4.0,0.0,181.0,801.0,506.0,23.0,9.0,5.0,6.0,3.0,176.0,165.0,8.0,1.0,3.0,4.0,3.0,3.0,5.0,66.0,15.0,28.0,23.0,15.0,10.0,0.0,0.0,10.0,10.0,17.0,0.0
Diego Wayar,DF,Bolivia,27.0,1993.0,2.0,0.0,37.0,0.0,0.0,0.0,0.0,1.0,0.0,0.0,0.0,0.0,0.0,148.0,20.0,4.0,4.0,3.0,5.0,1.0,1.0,0.0,0.0,0.0,0.0,0.0,1.0,1.0,0.0,0.0,0.0,0.0,0.0,1.0,0.0,2.0,13.0,2.0,4.0,7.0,2.0,0.0,13.0,0.0,0.0,0.0,0.0,11.0,27.0,3.0,0.0,0.0,0.0,1.0,0.0,12.0,9.0,0.0,1.0,1.0,0.0,0.0,1.0,1.0,11.0,4.0,9.0,2.0,0.0,0.0,0.0,0.0,0.0,0.0,2.0,0.0
Yoshimar Yotún,MF,Peru,30.0,1990.0,7.0,7.0,642.0,2.0,1.0,0.0,0.0,2.0,0.0,9.0,4.0,20.6,0.0,8054.0,2353.0,189.0,199.0,171.0,183.0,60.0,90.0,8.0,42.0,6.0,0.0,0.0,12.0,15.0,0.0,4.0,0.0,0.0,0.0,65.0,6.0,9.0,573.0,10.0,123.0,371.0,110.0,7.0,531.0,7.0,11.0,8.0,0.0,424.0,1691.0,908.0,33.0,10.0,2.0,4.0,16.0,436.0,409.0,12.0,17.0,7.0,13.0,1.0,4.0,16.0,208.0,59.0,56.0,130.0,22.0,11.0,1.0,0.0,10.0,11.0,5.0,0.0
Duván Zapata,FW,Colombia,29.0,1991.0,7.0,6.0,428.0,0.0,0.0,0.0,0.0,0.0,0.0,13.0,6.0,13.9,0.0,919.0,208.0,36.0,50.0,21.0,28.0,2.0,6.0,2.0,1.0,1.0,1.0,0.0,6.0,9.0,4.0,4.0,0.0,0.0,0.0,21.0,13.0,11.0,148.0,13.0,25.0,57.0,76.0,28.0,138.0,10.0,14.0,11.0,0.0,90.0,483.0,304.0,12.0,6.0,5.0,11.0,9.0,194.0,100.0,34.0,2.0,1.0,1.0,0.0,1.0,2.0,75.0,25.0,12.0,20.0,43.0,2.0,0.0,0.0,2.0,0.0,11.0,0.0
